"PointID","x","y","Density","Momentum_x","Momentum_y","Energy","Pressure","Temperature","Mach","Pressure_Coefficient","Velocity_x","Velocity_y"
0, 1.500000000000000e+00, 2.617993877991494e-01, 6.485666481763770e-04, 3.318886081613449e-01, -6.573420411197678e-01, 4.800310769118681e+03, 1.752909848262162e+03, 1.574576232100243e+03, 5.836844298249970e-01, -2.725035777680074e+00, 5.117262953538248e+02, -1.013530441270863e+03
1, 1.499914726921187e+00, 2.620184072006900e-01, 6.796581787095687e-04, 1.799051768692570e-01, -6.378761780755142e-01, 4.998313317577698e+03, 1.870068619768446e+03, 1.602971192912968e+03, 4.968425214553167e-01, -1.846267712519292e+00, 2.646994952828104e+02, -9.385249792573911e+02
2, 1.499871501927618e+00, 2.622549936951402e-01, 7.088327399599446e-04, 5.084097245467079e-02, -5.650318982001689e-01, 5.182168326028135e+03, 1.982057233100566e+03, 1.629037735063023e+03, 4.045106492408964e-01, -1.006279243942470e+00, 7.172492125228831e+01, -7.971300792794901e+02
3, 1.499870577636732e+00, 2.625090696092818e-01, 7.321463290668171e-04, -3.538626029024504e-02, -4.571616536058324e-01, 5.327258975846102e+03, 2.073469999101856e+03, 1.649903672141332e+03, 3.145249433509822e-01, -3.206232023404962e-01, -4.833222388118485e+01, -6.244129560664791e+02
4, 1.499912174383872e+00, 2.627804486938995e-01, 7.473520448228573e-04, -7.640729953383266e-02, -3.397110903381123e-01, 5.419830189008941e+03, 2.135486402600969e+03, 1.664678251690585e+03, 2.329437017039647e-01, 1.445407304191021e-01, -1.022373593049354e+02, -4.545529682984048e+02
5, 1.499996479620820e+00, 2.630688368115173e-01, 7.558680565105209e-04, -8.254577755855658e-02, -2.316203980306587e-01, 5.470249237920953e+03, 2.172101714130328e+03, 1.674144299975954e+03, 1.621860489591570e-01, 4.191797186419166e-01, -1.092065961083614e+02, -3.064296685587411e+02
6, 1.500123647047339e+00, 2.633738331641135e-01, 7.640644421912380e-04, -6.507304875437607e-02, -1.370324659962549e-01, 5.522953431513585e+03, 2.203157692627549e+03, 1.679864747913278e+03, 9.881642507377604e-02, 6.521200421431235e-01, -8.516696388560497e+01, -1.793467388735739e+02
7, 1.500293795485361e+00, 2.636949320518316e-01, 7.679350190635180e-04, -3.296707167703962e-02, -5.655820311633730e-02, 5.548040199514823e+03, 2.218099928556586e+03, 1.682733565291782e+03, 4.239278565629712e-02, 7.641966676293497e-01, -4.292950687057133e+01, -7.364972518808810e+01
8, 1.500507007509821e+00, 2.640315251519312e-01, 7.689969247362328e-04, 2.958633501762432e-03, 4.335074412023306e-03, 5.555517833318628e+03, 2.222199969090126e+03, 1.683516032174762e+03, 3.393238592376875e-03, 7.949496760504559e-01, 3.847393151509999e+00, 5.637310465851661e+00
9, 1.500763327854264e+00, 2.643829043055207e-01, 7.696782757184427e-04, 3.830462752139432e-02, 4.940034631182625e-02, 5.561709234841899e+03, 2.223668298588194e+03, 1.683137121004333e+03, 4.038346379778053e-02, 8.059631158078597e-01, 4.976706336896353e+01, 6.418311113915013e+01
10, 1.501062761613198e+00, 2.647482647979618e-01, 7.673414645140235e-04, 7.270850176233661e-02, 8.424550850492224e-02, 5.547002216342586e+03, 2.215573162634581e+03, 1.682116812737161e+03, 7.213169299187068e-02, 7.452442565392784e-01, 9.475377667540057e+01, 1.097888129351605e+02
11, 1.501405272266759e+00, 2.651267091172244e-01, 7.660023644612123e-04, 1.056188175516247e-01, 1.115624036228332e-01, 5.540037454884749e+03, 2.209852728253884e+03, 1.680706749035299e+03, 9.979507422694782e-02, 7.023372254397358e-01, 1.378831482144503e+02, 1.456423750092515e+02
12, 1.501790779556503e+00, 2.655172511729136e-01, 7.642529778681698e-04, 1.376174898420038e-01, 1.339359321380729e-01, 5.530485349258876e+03, 2.202543563651894e+03, 1.678982191598072e+03, 1.250936744830872e-01, 6.475136697413209e-01, 1.800679798800106e+02, 1.752507821581249e+02
13, 1.502219157244037e+00, 2.659188209571512e-01, 7.618073227335029e-04, 1.680642632685115e-01, 1.519141259879439e-01, 5.516098435304586e+03, 2.192965232634584e+03, 1.677047354388078e+03, 1.481343113369750e-01, 5.756698691676793e-01, 2.206125594401829e+02, 1.994127930443730e+02
14, 1.502690230786724e+00, 2.663302696269882e-01, 7.589068481083587e-04, 1.958237342725365e-01, 1.653819665238252e-01, 5.498371988066216e+03, 2.182034910151002e+03, 1.675066083322476e+03, 1.683400307978150e-01, 4.936852408125923e-01, 2.580339533905171e+02, 2.179212994797110e+02
15, 1.503203774966891e+00, 2.667503749865173e-01, 7.567572879637323e-04, 2.210604565097906e-01, 1.752261242684419e-01, 5.485974632192734e+03, 2.173360145909205e+03, 1.673145883078625e+03, 1.858967278806001e-01, 4.286187870551697e-01, 2.921153981940706e+02, 2.315486445329610e+02
16, 1.503759511512609e+00, 2.671778473453641e-01, 7.552283882005173e-04, 2.452567393847282e-01, 1.830838511029603e-01, 5.478110318732353e+03, 2.166438236662616e+03, 1.671193463350824e+03, 2.022205290558223e-01, 3.766999019590024e-01, 3.247451277210347e+02, 2.424218341940167e+02
17, 1.504357106749543e+00, 2.676113357287063e-01, 7.529780995599580e-04, 2.686649466223164e-01, 1.893530212418171e-01, 5.465228595130168e+03, 2.157395936745956e+03, 1.669191766830817e+03, 2.179530567086310e-01, 3.088766882106327e-01, 3.568031351500459e+02, 2.514721495252988e+02
18, 1.504996169324123e+00, 2.680494344124394e-01, 7.505330924451173e-04, 2.908643442814925e-01, 1.938933565956458e-01, 5.450961263999408e+03, 2.147821863995745e+03, 1.667197826733238e+03, 2.326921162877494e-01, 2.370648274490138e-01, 3.875436635763825e+02, 2.583408493874296e+02
19, 1.505676248038806e+00, 2.684906897555148e-01, 7.481711611788583e-04, 3.117573784811799e-01, 1.967981665506328e-01, 5.437157425877899e+03, 2.138528455350345e+03, 1.665224499377751e+03, 2.463333150319281e-01, 1.673581326017710e-01, 4.166925894202583e+02, 2.630389632240664e+02
20, 1.506396829840083e+00, 2.689336072998422e-01, 7.459321563458314e-04, 3.314389837622007e-01, 1.982626235599621e-01, 5.424172700720098e+03, 2.129676202493655e+03, 1.663309127886656e+03, 2.589736175264662e-01, 1.009603971597409e-01, 4.443285906668138e+02, 2.657917638665828e+02
21, 1.507157337999417e+00, 2.693766591064518e-01, 7.439394286867479e-04, 3.498552723617950e-01, 1.983664833152233e-01, 5.412849214586107e+03, 2.121655507670174e+03, 1.661483430608704e+03, 2.705510246293799e-01, 4.079989546911222e-02, 4.702738675638998e+02, 2.666433256070232e+02
22, 1.507957130526224e+00, 2.698182912948401e-01, 7.418477221327805e-04, 3.669679113449418e-01, 1.971917552612615e-01, 5.400733910062650e+03, 2.113504976253721e+03, 1.659767397483933e+03, 2.811831652763149e-01, -2.033446631006246e-02, 4.946674369908756e+02, 2.658116340835335e+02
23, 1.508795498850547e+00, 2.702569317505931e-01, 7.399997041589623e-04, 3.829727005076662e-01, 1.949348246483850e-01, 5.390166594233237e+03, 2.106156435254845e+03, 1.658127039942545e+03, 2.909178285906275e-01, -7.545337095810160e-02, 5.175308832628915e+02, 2.634255440276640e+02
24, 1.509671666810981e+00, 2.706909979644781e-01, 7.383357633988555e-04, 3.986950981604996e-01, 1.920673998818101e-01, 5.380839180971140e+03, 2.099284560115902e+03, 1.656441599576329e+03, 3.004225827168159e-01, -1.269969672440305e-01, 5.399915836734581e+02, 2.601355770681442e+02
25, 1.510584789980868e+00, 2.711189049642545e-01, 7.363683767377860e-04, 4.137600521373131e-01, 1.884239121301851e-01, 5.369283881456940e+03, 2.091572914843053e+03, 1.654766049902830e+03, 3.096158253432193e-01, -1.848393934533603e-01, 5.618927498901128e+02, 2.558826778587765e+02
26, 1.511533955362614e+00, 2.715390732984825e-01, 7.345925114712812e-04, 4.276340731710765e-01, 1.838104842689764e-01, 5.359019756767520e+03, 2.084620861243667e+03, 1.653252945421791e+03, 3.178965039050061e-01, -2.369843810789712e-01, 5.821378063255615e+02, 2.502210155952052e+02
27, 1.512518181476344e+00, 2.719499370296595e-01, 7.331568166334887e-04, 4.408884899468101e-01, 1.785335663332258e-01, 5.351163453215412e+03, 2.078744098815065e+03, 1.651820588313092e+03, 3.256401456935636e-01, -2.810639756530329e-01, 6.013563264286119e+02, 2.435134779937214e+02
28, 1.513536418864823e+00, 2.723499516921205e-01, 7.315362061052244e-04, 4.536791981501607e-01, 1.726841334847861e-01, 5.341966351062497e+03, 2.072361943850029e+03, 1.650397302667463e+03, 3.332069366845049e-01, -3.289343476113135e-01, 6.201732660172712e+02, 2.360568513815256e+02
29, 1.514587551031816e+00, 2.727376021683819e-01, 7.299632368378735e-04, 4.656194664105608e-01, 1.661451930103924e-01, 5.332939684240622e+03, 2.066212032141801e+03, 1.649045430033957e+03, 3.402152065240251e-01, -3.750627419540224e-01, 6.378670087929044e+02, 2.276076172412689e+02
30, 1.515670395825689e+00, 2.731114104360512e-01, 7.285416256162546e-04, 4.767382263445561e-01, 1.589754532553153e-01, 5.324814900512181e+03, 2.060594978332077e+03, 1.647771507678020e+03, 3.466477144829151e-01, -4.171943505806115e-01, 6.543733529862421e+02, 2.182105286308686e+02
31, 1.516783707274233e+00, 2.734699431361594e-01, 7.272132016783065e-04, 4.871130775195332e-01, 1.512460521120514e-01, 5.317198349214016e+03, 2.055330991011619e+03, 1.646564465688770e+03, 3.525980501468136e-01, -4.566777276522296e-01, 6.698353060633996e+02, 2.079803443653067e+02
32, 1.517926177870372e+00, 2.738118189129102e-01, 7.259590552217212e-04, 4.967267673693229e-01, 1.429939359553467e-01, 5.309959047119632e+03, 2.050374853940422e+03, 1.645431709937603e+03, 3.580709728442049e-01, -4.938520247938958e-01, 6.842352386080693e+02, 1.969724530974736e+02
33, 1.519096441301751e+00, 2.741357154744696e-01, 7.248051911530334e-04, 5.055972346986579e-01, 1.342672663396703e-01, 5.303299093687446e+03, 2.045807964577073e+03, 1.644380402370012e+03, 3.630743743972709e-01, -5.281067073758011e-01, 6.975629325920590e+02, 1.852460053798393e+02
34, 1.520293075610191e+00, 2.744403763246619e-01, 7.237480167196035e-04, 5.137580691900653e-01, 1.251167365255750e-01, 5.297209669355279e+03, 2.041618978593534e+03, 1.643410395924154e+03, 3.676416699611089e-01, -5.595268653410330e-01, 7.098576539369045e+02, 1.728733393877445e+02
35, 1.521514606759877e+00, 2.747246171163975e-01, 7.227912737744943e-04, 5.211353897635020e-01, 1.155666018128489e-01, 5.291705384238664e+03, 2.037838442030118e+03, 1.642538554090250e+03, 3.717231763964653e-01, -5.878833832388389e-01, 7.210039864511322e+02, 1.598893152228410e+02
36, 1.522759512585962e+00, 2.749873315794273e-01, 7.219553450526707e-04, 5.276714179521463e-01, 1.056510518184892e-01, 5.286925787216862e+03, 2.034543948516992e+03, 1.641781893991042e+03, 3.752718669203388e-01, -6.125942576615780e-01, 7.308920441798928e+02, 1.463401476870864e+02
37, 1.524026227088239e+00, 2.752274969776755e-01, 7.212198559819924e-04, 5.333814006123522e-01, 9.542248226042446e-02, 5.282747608747411e+03, 2.031681105208794e+03, 1.641143621607426e+03, 3.783147410067499e-01, -6.340674708274311e-01, 7.395545147410221e+02, 1.323070648554177e+02
38, 1.525313145027898e+00, 2.754441790550057e-01, 7.206087741697563e-04, 5.383608520933435e-01, 8.494478316208538e-02, 5.279394743943551e+03, 2.029314265498317e+03, 1.640621826038902e+03, 3.809122050659656e-01, -6.518203298424291e-01, 7.470917249288447e+02, 1.178791963225175e+02
39, 1.526618626779204e+00, 2.756365364328333e-01, 7.201526871315354e-04, 5.426110374287961e-01, 7.426106086207054e-02, 5.277105438653599e+03, 2.027542772859854e+03, 1.640227774436776e+03, 3.830512777088537e-01, -6.651076931216239e-01, 7.534666566198462e+02, 1.031184944374259e+02
40, 1.527941003382650e+00, 2.758038244285018e-01, 7.198654266694109e-04, 5.459363540804232e-01, 6.339163915265593e-02, 5.275902979407026e+03, 2.026438560829235e+03, 1.639988668740659e+03, 3.845862996045021e-01, -6.733900116983639e-01, 7.583866843088958e+02, 8.806040240875151e+01
41, 1.529278581741687e+00, 2.759453982697190e-01, 7.198375240989679e-04, 5.482248591607217e-01, 5.238106730133930e-02, 5.276321718384863e+03, 2.026261262481073e+03, 1.639908746091656e+03, 3.853923810561775e-01, -6.747198662569932e-01, 7.615952778329298e+02, 7.276790323886702e+01
42, 1.530629649902027e+00, 2.760607156874946e-01, 7.199343706891426e-04, 5.489050334762809e-01, 4.124838836190404e-02, 5.277233265522646e+03, 2.026719476578445e+03, 1.640058938581300e+03, 3.851347509910285e-01, -6.712829582850121e-01, 7.624375996257169e+02, 5.729465079215465e+01
43, 1.531992482350594e+00, 2.761493388777744e-01, 7.203020116321988e-04, 5.477299477065533e-01, 3.072935413031042e-02, 5.279754099726200e+03, 2.028338805423883e+03, 1.640531577312719e+03, 3.835812022632012e-01, -6.591369238219558e-01, 7.604170734792222e+02, 4.266176358535767e+01
44, 1.533330043911542e+00, 2.762122161927295e-01, 7.210463774931941e-04, 5.458715344016614e-01, 2.245175799937136e-02, 5.285012347061966e+03, 2.031214199470408e+03, 1.641161222689742e+03, 3.815346652126019e-01, -6.375695718400874e-01, 7.570546797550672e+02, 3.113774467244069e+01
45, 1.534669193503334e+00, 2.762594323104744e-01, 7.217581290416189e-04, 5.444176735166966e-01, 1.612276244209404e-02, 5.290184659964485e+03, 2.033871659460573e+03, 1.641687846800646e+03, 3.799276875751176e-01, -6.176368690319610e-01, 7.542937884739829e+02, 2.233817922286864e+01
46, 1.536014864201557e+00, 2.762917263222520e-01, 7.221177634997791e-04, 5.434394099357350e-01, 1.002561826444782e-02, 5.292958991498138e+03, 2.035361234589744e+03, 1.642071988377168e+03, 3.789101518517215e-01, -6.064640730275009e-01, 7.525634147288239e+02, 1.388363335068531e+01
47, 1.537365561820589e+00, 2.763091761438344e-01, 7.224024285520313e-04, 5.426153509937456e-01, 4.047925002915793e-03, 5.295223272051342e+03, 2.036570257058465e+03, 1.642399945347918e+03, 3.780949228025928e-01, -5.973956070311917e-01, 7.511261445803175e+02, 5.603421089031180e+00
48, 1.538719793040709e+00, 2.763119051635972e-01, 7.227101836926976e-04, 5.415970481744762e-01, -1.817313599053548e-03, 5.297579029866046e+03, 2.037856426695465e+03, 1.642737349086237e+03, 3.771775514590916e-01, -5.877484863859016e-01, 7.493972831642951e+02, -2.514581418747913e+00
49, 1.540076067587446e+00, 2.763000811182854e-01, 7.230953920015214e-04, 5.406596532231824e-01, -7.570586773869978e-03, 5.300685480587822e+03, 2.039407911619445e+03, 1.643112229872690e+03, 3.763159869146131e-01, -5.761113260841759e-01, 7.477016991169609e+02, -1.046969301369030e+01
50, 1.541432900309867e+00, 2.762739148791631e-01, 7.235286582956711e-04, 5.401248840725711e-01, -1.322503302929869e-02, 5.304863549047442e+03, 2.041254824009218e+03, 1.643615426085115e+03, 3.757368869778258e-01, -5.622582649226814e-01, 7.465148448229789e+02, -1.827851996968759e+01
51, 1.542788813156414e+00, 2.762336591651268e-01, 7.238317230820592e-04, 5.389052026777486e-01, -1.875773639305481e-02, 5.306540551372109e+03, 2.042274157366079e+03, 1.643747674472158e+03, 3.748309585104653e-01, -5.546125923857783e-01, 7.445172482674596e+02, -2.591449890201661e+01
52, 1.544142337048681e+00, 2.761796071978347e-01, 7.242307016730089e-04, 5.376073269211418e-01, -2.417718126975368e-02, 5.309303254014392e+03, 2.043745080386622e+03, 1.644025371095024e+03, 3.738419748580974e-01, -5.435796994991066e-01, 7.423150187906175e+02, -3.338325924861123e+01
53, 1.545492013655102e+00, 2.761120913121744e-01, 7.246291415734319e-04, 5.362024640293139e-01, -2.948165432746238e-02, 5.312219010755734e+03, 2.045293165208439e+03, 1.644366020511549e+03, 3.728074342022992e-01, -5.319680422063372e-01, 7.399681206099779e+02, -4.068516243142947e+01
54, 1.546836397067922e+00, 2.760314815334582e-01, 7.250262614537967e-04, 5.346340051794402e-01, -3.466638562111132e-02, 5.315141050979838e+03, 2.046877142882541e+03, 1.644738131131586e+03, 3.716899884732450e-01, -5.200871648462171e-01, 7.373995034433804e+02, -4.781397235404897e+01
55, 1.548174055387944e+00, 2.759381841306972e-01, 7.254936062676239e-04, 5.328308222163780e-01, -3.972323151351067e-02, 5.318499363972634e+03, 2.048698398600106e+03, 1.645141132641704e+03, 3.704017697809959e-01, -5.064265456496324e-01, 7.344390324231535e+02, -5.475338606755047e+01
56, 1.549503572222434e+00, 2.758326401531697e-01, 7.259887051053610e-04, 5.307973453510735e-01, -4.464763719429928e-02, 5.322052534699411e+03, 2.050654719736771e+03, 1.645589093295115e+03, 3.689644084410421e-01, -4.917528467195551e-01, 7.311371948604078e+02, -6.149907964176890e+01
57, 1.550823548102230e+00, 2.757153239553545e-01, 7.264774168985698e-04, 5.286969888127013e-01, -4.945009545805831e-02, 5.325599699324610e+03, 2.052614392312993e+03, 1.646053602622862e+03, 3.675102612748067e-01, -4.770540097821721e-01, 7.277541965031483e+02, -6.806831748351854e+01
58, 1.552132601824414e+00, 2.755867417131729e-01, 7.269385865157281e-04, 5.264102645841223e-01, -5.411807696426039e-02, 5.328903508181244e+03, 2.054515958689325e+03, 1.646533302936461e+03, 3.659651306740248e-01, -4.627910076712793e-01, 7.241468183815180e+02, -7.444655981690620e+01
59, 1.553429371727071e+00, 2.754474299324371e-01, 7.275129196229886e-04, 5.239266911171591e-01, -5.864674355845334e-02, 5.333073368148573e+03, 2.056821462066401e+03, 1.647079673047891e+03, 3.642434714638464e-01, -4.454982116147199e-01, 7.201613565689914e+02, -8.061264889817383e+01
60, 1.554712516902508e+00, 2.752979539484861e-01, 7.281334899645717e-04, 5.212171581241436e-01, -6.302857856058355e-02, 5.337562353818164e+03, 2.059313569522720e+03, 1.647669858373701e+03, 3.623600424669379e-01, -4.268057618782977e-01, 7.158263770418033e+02, -8.656184536114428e+01
61, 1.555980718354989e+00, 2.751389064142327e-01, 7.287595294400590e-04, 5.184206184254481e-01, -6.727680070266083e-02, 5.342137378547189e+03, 2.061854599593249e+03, 1.648285778506020e+03, 3.604322282310492e-01, -4.077463602655531e-01, 7.113740506745422e+02, -9.231687269235825e+01
62, 1.557232680108493e+00, 2.749709057723116e-01, 7.293770960629013e-04, 5.155795137699800e-01, -7.139607972527739e-02, 5.346627621771258e+03, 2.064363101724200e+03, 1.648893814453212e+03, 3.584983148419305e-01, -3.889309396553321e-01, 7.068764793315042e+02, -9.788637470338145e+01
63, 1.558467130269362e+00, 2.747945947057041e-01, 7.299072570959928e-04, 5.124912813341662e-01, -7.535637107228210e-02, 5.350467851267955e+03, 2.066663855597732e+03, 1.649532530762073e+03, 3.564499133857428e-01, -3.716737680081716e-01, 7.021320535613836e+02, -1.032410218417265e+02
64, 1.559682822047837e+00, 2.746106385601937e-01, 7.306192889739642e-04, 5.094377886969154e-01, -7.919593849379804e-02, 5.355737119578253e+03, 2.069534968305101e+03, 1.650214343081356e+03, 3.543484892523844e-01, -3.501385288939740e-01, 6.972684630491179e+02, -1.083956305136918e+02
65, 1.560878534741675e+00, 2.744197237312493e-01, 7.312564871183238e-04, 5.062351312011395e-01, -8.288611052836582e-02, 5.360444418580829e+03, 2.072207365797268e+03, 1.650905459152411e+03, 3.521935036177545e-01, -3.300937849679408e-01, 6.922812174919225e+02, -1.133475216814782e+02
66, 1.562053074684020e+00, 2.742225560074939e-01, 7.318913922986436e-04, 5.028133530971679e-01, -8.641157715056967e-02, 5.365058179588479e+03, 2.074895716174166e+03, 1.651613244629540e+03, 3.498982653159956e-01, -3.099293838837734e-01, 6.870054196401836e+02, -1.180661202739080e+02
67, 1.563205276156822e+00, 2.740198588627729e-01, 7.326081193439598e-04, 4.992430190788310e-01, -8.977999073193764e-02, 5.370177945256653e+03, 2.077827883757197e+03, 1.652329150842498e+03, 3.474710566924845e-01, -2.879361929298280e-01, 6.814598499480131e+02, -1.225484517047591e+02
68, 1.564334002270147e+00, 2.738123716890021e-01, 7.333450314260231e-04, 4.957096760878012e-01, -9.302278692212596e-02, 5.375389111237942e+03, 2.080780027029226e+03, 1.653014027360566e+03, 3.450732783223848e-01, -2.657931711322707e-01, 6.759569572918098e+02, -1.268472314338025e+02
69, 1.565438145806859e+00, 2.736008479624420e-01, 7.339806159775914e-04, 4.923123771721627e-01, -9.616014472909638e-02, 5.379840097188157e+03, 2.083373397117729e+03, 1.653641055267432e+03, 3.428318787002949e-01, -2.463411848608290e-01, 6.707430229835840e+02, -1.310118314242132e+02
70, 1.566516630031418e+00, 2.733860533367818e-01, 7.345518035308112e-04, 4.889398637981910e-01, -9.917234462624051e-02, 5.383765492143660e+03, 2.085737703701971e+03, 1.654230351398352e+03, 3.406473799303442e-01, -2.286073259634587e-01, 6.656301998687859e+02, -1.350106883538278e+02
71, 1.567568409460858e+00, 2.731687636574356e-01, 7.350767079583782e-04, 4.855549475950867e-01, -1.020516639784331e-01, 5.387275713964286e+03, 2.087930024453899e+03, 1.654786618044754e+03, 3.384826658311121e-01, -2.121634742516789e-01, 6.605500382996491e+02, -1.388313122611029e+02
72, 1.568592470595499e+00, 2.729497628926876e-01, 7.355753763365533e-04, 4.822552932419814e-01, -1.048184406263599e-01, 5.390519762769008e+03, 2.089985711926461e+03, 1.655292917399418e+03, 3.363962189242949e-01, -1.967444622595519e-01, 6.556164177814070e+02, -1.424985718641042e+02
73, 1.569587832606612e+00, 2.727298409787862e-01, 7.360441788567646e-04, 4.791115633717050e-01, -1.074895597891607e-01, 5.393466218287698e+03, 2.091873600304782e+03, 1.655732902538491e+03, 3.344387826232306e-01, -1.825840541558531e-01, 6.509277257186770e+02, -1.460368315881734e+02
74, 1.570553547978015e+00, 2.725097915777068e-01, 7.364711248249097e-04, 4.760837341591047e-01, -1.100580297843690e-01, 5.395984878931860e+03, 2.093552715086341e+03, 1.656101304354993e+03, 3.325865468100458e-01, -1.699895857366125e-01, 6.464391041431392e+02, -1.494397079186702e+02
75, 1.571488703098592e+00, 2.722904097480762e-01, 7.368538740525342e-04, 4.730592321173698e-01, -1.124982610731529e-01, 5.398041707416832e+03, 2.095040893393805e+03, 1.656417673342335e+03, 3.307579887372586e-01, -1.588272668163044e-01, 6.419987039162163e+02, -1.526737729618455e+02
76, 1.572392418802829e+00, 2.720724895316103e-01, 7.372295872670001e-04, 4.701390620341138e-01, -1.148337035212739e-01, 5.399978667318323e+03, 2.096451554487569e+03, 1.656688268687295e+03, 3.290045278137568e-01, -1.482463781297282e-01, 6.377105180720928e+02, -1.557638292122491e+02
77, 1.573263850856761e+00, 2.718568214593557e-01, 7.374817792959850e-04, 4.673492741122657e-01, -1.170714758194525e-01, 5.400971689468906e+03, 2.097439032561015e+03, 1.656901813724958e+03, 3.273956825402933e-01, -1.408396412304350e-01, 6.337095874536816e+02, -1.587449061198655e+02
78, 1.574102190387191e+00, 2.716441899839634e-01, 7.376249782638379e-04, 4.645833632427111e-01, -1.191851392346626e-01, 5.401076418269482e+03, 2.098056649505347e+03, 1.657067951348031e+03, 3.258471230860556e-01, -1.362071067628640e-01, 6.298368099412928e+02, -1.615795868453248e+02
79, 1.574906664252569e+00, 2.714353708461670e-01, 7.377795650525394e-04, 4.618570655015312e-01, -1.211776463707729e-01, 5.401138968842451e+03, 2.098649600563781e+03, 1.657188967333109e+03, 3.243144436697132e-01, -1.317595827093422e-01, 6.260095662430567e+02, -1.642464119511680e+02
80, 1.575676535354656e+00, 2.712311283855099e-01, 7.379260955519064e-04, 4.591585582035049e-01, -1.230448748215434e-01, 5.400994192236482e+03, 2.099153976704706e+03, 1.657258097368779e+03, 3.227970426451036e-01, -1.279764289618663e-01, 6.222283789274223e+02, -1.667441706740513e+02
81, 1.576411102890819e+00, 2.710322128071567e-01, 7.380210083853488e-04, 4.564209727293375e-01, -1.247673591868670e-01, 5.400266239102065e+03, 2.099434239506686e+03, 1.657266202322494e+03, 3.212661130105113e-01, -1.258742730834290e-01, 6.184389977297541e+02, -1.690566498368854e+02
82, 1.577109702547687e+00, 2.708393574182853e-01, 7.380085955392139e-04, 4.535253299927596e-01, -1.263097425326547e-01, 5.398556237050346e+03, 2.099358322846160e+03, 1.657234147873851e+03, 3.196579028784284e-01, -1.264436981126127e-01, 6.145258100434437e+02, -1.711494192562467e+02
83, 1.577771706637744e+00, 2.706532758490692e-01, 7.379336174512137e-04, 4.504040308526197e-01, -1.276490149664407e-01, 5.396509323489006e+03, 2.099205957875949e+03, 1.657282242741096e+03, 3.178912213434825e-01, -1.275865358903478e-01, 6.103584661290985e+02, -1.729817045160974e+02
84, 1.578396524181310e+00, 2.704746592745800e-01, 7.379297987506518e-04, 4.468867010864154e-01, -1.287316293844799e-01, 5.395814989227099e+03, 2.099708073937834e+03, 1.657687231891788e+03, 3.157597239025114e-01, -1.238203342264370e-01, 6.055951417641821e+02, -1.744496964378297e+02
85, 1.578983600937265e+00, 2.703041736550681e-01, 7.374220445948762e-04, 4.440910932734276e-01, -1.298782359985160e-01, 5.389725297845695e+03, 2.097826963343013e+03, 1.657342506936933e+03, 3.144028477261140e-01, -1.379299044832041e-01, 6.022210707267392e+02, -1.761246994858531e+02
86, 1.579532419386645e+00, 2.701424570129659e-01, 7.372829997402506e-04, 4.403539366169538e-01, -1.306039127218948e-01, 5.387511685906962e+03, 2.097775911028585e+03, 1.657614726254169e+03, 3.121394191929976e-01, -1.383128305159263e-01, 5.972658216344244e+02, -1.771421730433326e+02
87, 1.580042498674008e+00, 2.699901167656181e-01, 7.367616969916914e-04, 4.376518846113258e-01, -1.314906810642531e-01, 5.381074195554418e+03, 2.095741342722441e+03, 1.657178780286009e+03, 3.108128721430043e-01, -1.535734348295472e-01, 5.940209519554614e+02, -1.784711143388008e+02
88, 1.580513394512137e+00, 2.698477271331376e-01, 7.367580332627030e-04, 4.334626803594908e-01, -1.317828444731693e-01, 5.379794901475942e+03, 2.096199093853925e+03, 1.657548983298081e+03, 3.081100448829634e-01, -1.501399994071115e-01, 5.883379084988310e+02, -1.788685545640736e+02
89, 1.580944699056158e+00, 2.697158266409277e-01, 7.363234006933558e-04, 4.293822106783552e-01, -1.319555247408548e-01, 5.374920047222999e+03, 2.095160214827381e+03, 1.657705423034448e+03, 3.056564508479104e-01, -1.579322773591164e-01, 5.831435076951640e+02, -1.792086529052308e+02
90, 1.581336040753590e+00, 2.695949157362810e-01, 7.359065669718056e-04, 4.248188793254601e-01, -1.318270204976142e-01, 5.369374572828210e+03, 2.093979567403969e+03, 1.657709718354256e+03, 3.028348414605265e-01, -1.667879117991972e-01, 5.772728473854427e+02, -1.791355403173957e+02
91, 1.581687084177118e+00, 2.694854545380839e-01, 7.359956763653478e-04, 4.208995453004737e-01, -1.317472283420703e-01, 5.366530378319911e+03, 2.093754840977840e+03, 1.657331129745793e+03, 3.002690709155566e-01, -1.684735082265119e-01, 5.718777416995850e+02, -1.790054379024246e+02
92, 1.581997529846954e+00, 2.693878607379986e-01, 7.361482659643928e-04, 4.149193105406512e-01, -1.308694460609905e-01, 5.365732228821130e+03, 2.094867151654197e+03, 1.657867873743425e+03, 2.960963236738224e-01, -1.601304444648066e-01, 5.636355198053550e+02, -1.777759347018833e+02
93, 1.582267114049670e+00, 2.693025076706056e-01, 7.359649210803705e-04, 4.067176478726514e-01, -1.291313392427813e-01, 5.363512902150947e+03, 2.095920696954575e+03, 1.659114863160039e+03, 2.903808659412646e-01, -1.522281597850594e-01, 5.526318391311427e+02, -1.754585518195909e+02
94, 1.582495608660143e+00, 2.692297225688486e-01, 7.369149369045552e-04, 3.969687761436269e-01, -1.267401270476392e-01, 5.368843614518865e+03, 2.100409273927509e+03, 1.660524508589189e+03, 2.830800851498232e-01, -1.185608717867446e-01, 5.386900933384691e+02, -1.719874583897253e+02
95, 1.582682820972927e+00, 2.691697850197713e-01, 7.387022186824858e-04, 3.800001420400528e-01, -1.218759523357821e-01, 5.379176482547496e+03, 2.108553393237941e+03, 1.662929821871119e+03, 2.702426911021836e-01, -5.747460503220991e-02, 5.144158666773778e+02, -1.649865795085254e+02
96, 1.582828593548841e+00, 2.691229256339697e-01, 7.407053481578325e-04, 3.454123374612323e-01, -1.111751277179159e-01, 5.388461278195618e+03, 2.119832022769558e+03, 1.667303609552043e+03, 2.447401728748144e-01, 2.712255592925482e-02, 4.663289367631655e+02, -1.500935938891403e+02
97, 1.582932804081938e+00, 2.690893249404473e-01, 7.440098379714272e-04, 2.778655295254100e-01, -8.966033526165275e-02, 5.403959430645962e+03, 2.138667884895900e+03, 1.674647448445189e+03, 1.956219797678670e-01, 1.684039461622729e-01, 3.734702356665358e+02, -1.205096098004769e+02
98, 1.582995365291272e+00, 2.690691125166532e-01, 7.658959672774714e-04, 1.860714576777866e-01, -6.013158053011428e-02, 5.548321322877277e+03, 2.209343258050630e+03, 1.680552698296230e+03, 1.270484340836230e-01, 6.985158628647037e-01, 2.429461253585319e+02, -7.851142074016118e+01
99, 1.583016224840979e+00, 2.690623663614543e-01, 7.359928743186678e-04, -2.471066994758934e-03, -1.412156311843869e-02, 5.307443194060550e+03, 2.122921427975623e+03, 1.680424610750754e+03, 9.693134666928369e-03, 5.029513277114860e-02, -3.357460487707140e+00, -1.918709217329241e+01
100, 1.582994314350685e+00, 2.690631066398919e-01, 7.585235395024480e-04, 1.078833270585175e-01, -3.634424318414871e-03, 5.455563332959158e+03, 2.179153043217557e+03, 1.673699134347443e+03, 7.095911976818356e-02, 4.720693379092565e-01, 1.422280541606966e+02, -4.791445656121449e+00
101, 1.582928610958973e+00, 2.690653179391640e-01, 7.501087765606281e-04, 1.858248847346161e-01, -6.223715447101429e-03, 5.388851963373278e+03, 2.146323556195132e+03, 1.666977229432284e+03, 1.238436036313486e-01, 2.258265306485955e-01, 2.477305832717405e+02, -8.297083891803249e+00
102, 1.582819198831135e+00, 2.690689716733378e-01, 7.503101863749920e-04, 2.456914123477489e-01, -8.148423225521435e-03, 5.395068505691200e+03, 2.141919219820780e+03, 1.663109972223699e+03, 1.638863226594091e-01, 1.927911027054209e-01, 3.274531211348324e+02, -1.086007277188823e+01
103, 1.582666218002537e+00, 2.690740202736901e-01, 7.487966356460298e-04, 2.784204889310956e-01, -9.106247384034314e-03, 5.388213309177961e+03, 2.134558496464996e+03, 1.660744790634839e+03, 1.862230208192247e-01, 1.375808223449886e-01, 3.718239047520377e+02, -1.216117561235813e+01
104, 1.582469864020627e+00, 2.690803973023084e-01, 7.482317915905192e-04, 2.969592658011970e-01, -9.537284832454217e-03, 5.389698524834203e+03, 2.132283576038542e+03, 1.660227209131305e+03, 1.987999031917645e-01, 1.205174185908562e-01, 3.968813797258595e+02, -1.274643090502847e+01
105, 1.582230387448058e+00, 2.690880176147918e-01, 7.472785941986914e-04, 3.066307895623037e-01, -9.626250138121089e-03, 5.384709370149243e+03, 2.128694988063100e+03, 1.659547234473306e+03, 2.055737507163868e-01, 9.360064171368333e-02, 4.103299518315584e+02, -1.288174211445644e+01
106, 1.581948093231119e+00, 2.690967775756062e-01, 7.469887546505845e-04, 3.135885008767226e-01, -9.576210086384327e-03, 5.383960747385938e+03, 2.127230635376729e+03, 1.659049092626868e+03, 2.103459689615646e-01, 8.261703066714837e-02, 4.198035096571280e+02, -1.281975133730594e+01
107, 1.581623339938753e+00, 2.691065553305094e-01, 7.466836411077126e-04, 3.185541424912059e-01, -9.412415588309868e-03, 5.383860978022100e+03, 2.126340009145549e+03, 1.659032129019534e+03, 2.137588289742881e-01, 7.593674646910413e-02, 4.266253135245171e+02, -1.260562716272511e+01
108, 1.581256538878348e+00, 2.691172111412138e-01, 7.469987827631191e-04, 3.225631969260307e-01, -9.167931590520021e-03, 5.389843291075202e+03, 2.128057467256669e+03, 1.659671666707921e+03, 2.163089645771693e-01, 8.881881515161967e-02, 4.318122122406708e+02, -1.227302078941575e+01
109, 1.580848153095336e+00, 2.691285877880806e-01, 7.468622888697806e-04, 3.233103963048642e-01, -8.781449746344441e-03, 5.389033462723743e+03, 2.127601065341299e+03, 1.659618969563811e+03, 2.168455040995201e-01, 8.539549973998774e-02, 4.328915800449996e+02, -1.175778972537671e+01
110, 1.580398696264298e+00, 2.691405110470989e-01, 7.469015143952608e-04, 3.233743120923501e-01, -8.331140784598486e-03, 5.391006916093515e+03, 2.128382913321243e+03, 1.660141652765565e+03, 2.168348229023230e-01, 9.125987530275401e-02, 4.329544201743581e+02, -1.115426950411784e+01
111, 1.579908731479818e+00, 2.691527902477143e-01, 7.471425474177625e-04, 3.231836010177394e-01, -7.829939945271709e-03, 5.395692256055017e+03, 2.130301264228856e+03, 1.661101913994134e+03, 2.165660987161695e-01, 1.056487724694708e-01, 4.325594923414691e+02, -1.047984748336601e+01
112, 1.579378869955680e+00, 2.691652189181849e-01, 7.475903077950441e-04, 3.224589080062128e-01, -7.272530482260032e-03, 5.399570009754941e+03, 2.131996547028488e+03, 1.661428121272784e+03, 2.159214092996366e-01, 1.183645116888210e-01, 4.313310440811876e+02, -9.727962503566639e+00
113, 1.578809769641226e+00, 2.691775755250677e-01, 7.474490528978431e-04, 3.215144515149641e-01, -6.668178673467341e-03, 5.397933249903480e+03, 2.131501579263145e+03, 1.661356309616413e+03, 2.153258834362416e-01, 1.146519269640439e-01, 4.301489850959873e+02, -8.921248408322899e+00
114, 1.578202133763737e+00, 2.691896243131600e-01, 7.476886101570458e-04, 3.212455512445224e-01, -6.035107409491427e-03, 5.402490665469672e+03, 2.133381795320335e+03, 1.662289043170090e+03, 2.150082155929993e-01, 1.287547875985362e-01, 4.296515245525104e+02, -8.071685628892759e+00
115, 1.577556709305569e+00, 2.692011162517391e-01, 7.478861630337074e-04, 3.199558598797342e-01, -5.341024797554436e-03, 5.404317949100192e+03, 2.134343258428887e+03, 1.662598907519944e+03, 2.140605659385335e-01, 1.359663951014394e-01, 4.278135840645493e+02, -7.141494336369631e+00
116, 1.576874285424527e+00, 2.692117900922452e-01, 7.473891440162373e-04, 3.189461550587483e-01, -4.611637486892793e-03, 5.399610874998769e+03, 2.132616789138693e+03, 1.662358777591594e+03, 2.135349369565824e-01, 1.230167366320151e-01, 4.267471070623673e+02, -6.170329772401142e+00
117, 1.576155691825567e+00, 2.692213735416550e-01, 7.474990845347251e-04, 3.182937799692405e-01, -3.846459484987449e-03, 5.403226212504575e+03, 2.134179889761235e+03, 1.663332527522831e+03, 2.129977418745456e-01, 1.347410223347693e-01, 4.258115983745451e+02, -5.145771499347918e+00
118, 1.575401797091385e+00, 2.692295845546946e-01, 7.472762088001488e-04, 3.166258060810604e-01, -3.030210821036019e-03, 5.402481837103324e+03, 2.134158993294791e+03, 1.663812326696069e+03, 2.119084208479921e-01, 1.345842850529601e-01, 4.237065255823481e+02, -4.055007753962119e+00
119, 1.574613506978828e+00, 2.692361327467510e-01, 7.469443621231131e-04, 3.148421621529411e-01, -2.177717322387983e-03, 5.400144206801926e+03, 2.133514787547130e+03, 1.664049059836030e+03, 2.107886884432328e-01, 1.297523170222333e-01, 4.215068459155839e+02, -2.915501385134020e+00
120, 1.573791762687407e+00, 2.692407209278766e-01, 7.466726304029395e-04, 3.133379404193941e-01, -1.292639113039704e-03, 5.398118748347053e+03, 2.132948869437478e+03, 1.664213094171794e+03, 2.098443708546389e-01, 1.255075579157301e-01, 4.196456755757905e+02, -1.731199270478329e+00
121, 1.572937539105373e+00, 2.692430467566616e-01, 7.464196373220438e-04, 3.115948930344682e-01, -3.731401378748153e-04, 5.396098848957441e+03, 2.132424276386776e+03, 1.664367718668789e+03, 2.087364472083845e-01, 1.215727640096913e-01, 4.174527001357952e+02, -4.999066466331774e-01
122, 1.572051843038121e+00, 2.692428045109915e-01, 7.460723845547227e-04, 3.095523108527342e-01, 5.772080617939240e-04, 5.393170665351781e+03, 2.131580955282636e+03, 1.664483861182943e+03, 2.074576190883585e-01, 1.152472994672882e-01, 4.149092196161153e+02, 7.736622796170352e-01
123, 1.571135711422857e+00, 2.692396869708424e-01, 7.457550044527104e-04, 3.071450967713010e-01, 1.553698683203606e-03, 5.390184049217370e+03, 2.130772944830737e+03, 1.664561017772836e+03, 2.059294455450503e-01, 1.091866881078793e-01, 4.118579090149138e+02, 2.083390220550815e+00
124, 1.570190209532747e+00, 2.692333874063191e-01, 7.456156102819896e-04, 3.038721175619645e-01, 2.546721211066507e-03, 5.388136423427223e+03, 2.130484500625790e+03, 1.664646835528795e+03, 2.037724188728874e-01, 1.070231663106722e-01, 4.075452731562863e+02, 3.415595349597556e+00
125, 1.569216429173053e+00, 2.692236016621448e-01, 7.455272947700288e-04, 3.000679742376947e-01, 3.549212945389715e-03, 5.386218139611894e+03, 2.130328948910221e+03, 1.664722476168538e+03, 2.012476868146498e-01, 1.058564258407452e-01, 4.024909300339648e+02, 4.760674720144933e+00
126, 1.568215486871205e+00, 2.692100303278047e-01, 7.453398254583090e-04, 2.963110066934456e-01, 4.561861607606300e-03, 5.383576800731200e+03, 2.129865355805211e+03, 1.664778829451429e+03, 1.987842585890358e-01, 1.023791717634485e-01, 3.975515551060807e+02, 6.120512351263685e+00
127, 1.567188522062168e+00, 2.691923809805503e-01, 7.450933069242628e-04, 2.926019805705425e-01, 5.582352792774980e-03, 5.380733234491549e+03, 2.129303667960345e+03, 1.664890450850781e+03, 1.963668324819392e-01, 9.816614243315153e-02, 3.927051522961605e+02, 7.492152648396310e+00
128, 1.566136695270158e+00, 2.691703704865518e-01, 7.448927639534516e-04, 2.888757781863108e-01, 6.606788354155574e-03, 5.378534043029748e+03, 2.128996198513408e+03, 1.665098205892140e+03, 1.939216702242856e-01, 9.585991877181925e-02, 3.878085439481631e+02, 8.869448964829028e+00
129, 1.565061186287488e+00, 2.691437273436487e-01, 7.446197663888186e-04, 2.851616971687863e-01, 7.632698333033423e-03, 5.375999103628898e+03, 2.128542727281613e+03, 1.665353883456158e+03, 1.915024001846276e-01, 9.245858542010187e-02, 3.829628355848443e+02, 1.025046430079302e+01
130, 1.563963192351202e+00, 2.691121940474611e-01, 7.444571136996181e-04, 2.815062227729953e-01, 8.658492274982384e-03, 5.374298419195337e+03, 2.128409685363674e+03, 1.665613624630122e+03, 1.890957894879819e-01, 9.146068328004210e-02, 3.781362520320822e+02, 1.163061258418710e+01
131, 1.562843926318270e+00, 2.690755294611082e-01, 7.441912418008474e-04, 2.777682876725763e-01, 9.676714098629267e-03, 5.371794230508132e+03, 2.127957205894553e+03, 1.665854466560433e+03, 1.866630254613580e-01, 8.806678880255392e-02, 3.732485308486198e+02, 1.300299379392434e+01
132, 1.561704614840316e+00, 2.690335111674766e-01, 7.440731273610948e-04, 2.744019635136490e-01, 1.070071124953379e-02, 5.370379713357840e+03, 2.127882118830040e+03, 1.666060114260846e+03, 1.844469910555383e-01, 8.750358629067827e-02, 3.687835958904119e+02, 1.438126288404552e+01
133, 1.560546496539195e+00, 2.689859377819264e-01, 7.438924452529871e-04, 2.711517916876560e-01, 1.172073266021619e-02, 5.368543819299816e+03, 2.127613409482251e+03, 1.666254337803377e+03, 1.823275852437140e-01, 8.548808893942104e-02, 3.645040266478862e+02, 1.575595065524578e+01
134, 1.559370820185322e+00, 2.689326312025508e-01, 7.438841448901563e-04, 2.680109542791136e-01, 1.273453412361513e-02, 5.368037457444973e+03, 2.127859270003739e+03, 1.666465479522877e+03, 1.802412207533104e-01, 8.733220502215190e-02, 3.602858806981143e+02, 1.711897505961166e+01
135, 1.558178842881246e+00, 2.688734387746333e-01, 7.437013258868331e-04, 2.657260714796088e-01, 1.377879678719102e-02, 5.366676262575296e+03, 2.127630549650057e+03, 1.666695965447263e+03, 1.787746097597988e-01, 8.561665150375980e-02, 3.573021349165156e+02, 1.852732583306931e+01
136, 1.556971828253737e+00, 2.688082353458125e-01, 7.435363769688830e-04, 2.653158868299919e-01, 1.491854750707978e-02, 5.366193546818556e+03, 2.127483033233607e+03, 1.666950127804939e+03, 1.785667340822226e-01, 8.451018107737633e-02, 3.568297329467383e+02, 2.006431422749894e+01
137, 1.555751044658525e+00, 2.687369251886735e-01, 7.434260110468559e-04, 2.661898744514741e-01, 1.613926844075165e-02, 5.366735624803025e+03, 2.127561875161776e+03, 1.667259380572798e+03, 1.792108601075413e-01, 8.510154754341362e-02, 3.580583279251135e+02, 2.170931363838767e+01
138, 1.554517763402661e+00, 2.686594437680557e-01, 7.432241738113990e-04, 2.678737520817506e-01, 1.742364911935508e-02, 5.366975363916821e+03, 2.127398975811457e+03, 1.667584467458525e+03, 1.804257484644927e-01, 8.387969496630478e-02, 3.604212046925782e+02, 2.344332939280379e+01
139, 1.553273256990430e+00, 2.685757593313036e-01, 7.430198616289770e-04, 2.710302380347389e-01, 1.882481551148783e-02, 5.367533475821630e+03, 2.127145344420327e+03, 1.667844145811567e+03, 1.826417160311045e-01, 8.197729223552980e-02, 3.647684968212552e+02, 2.533554819142628e+01
140, 1.552018797399629e+00, 2.684858743009819e-01, 7.429163941959511e-04, 2.758061427617933e-01, 2.036915221466078e-02, 5.369208053227184e+03, 2.127093036084405e+03, 1.668035410322769e+03, 1.859335956793843e-01, 8.158494521311664e-02, 3.712478886137581e+02, 2.741782571201171e+01
141, 1.550755654395848e+00, 2.683898264512323e-01, 7.428781084461562e-04, 2.818157357402230e-01, 2.204342238944721e-02, 5.371681795547454e+03, 2.127160165763080e+03, 1.668174020785462e+03, 1.900495561592440e-01, 8.208846208245583e-02, 3.793566300259997e+02, 2.967300037358001e+01
142, 1.549485093893156e+00, 2.682876898509330e-01, 7.427280491940141e-04, 2.889958165441492e-01, 2.385355176419747e-02, 5.373612938857806e+03, 2.126802278455006e+03, 1.668230334055546e+03, 1.949949760962032e-01, 7.940407120656595e-02, 3.891004478123031e+02, 3.211613159094048e+01
143, 1.548208376370200e+00, 2.681795755591288e-01, 7.426618621040864e-04, 2.976180029908076e-01, 2.583254521260087e-02, 5.376395902457876e+03, 2.126524867235792e+03, 1.668161392734858e+03, 2.009066008571289e-01, 7.732330407980534e-02, 4.007449664206609e+02, 3.478372396747682e+01
144, 1.546926755351213e+00, 2.680656320607800e-01, 7.426237494151028e-04, 3.069376960868412e-01, 2.792441748960461e-02, 5.379433062155535e+03, 2.126190815884303e+03, 1.667984944119808e+03, 2.072958387571144e-01, 7.481769860068821e-02, 4.133152169299570e+02, 3.760237605058838e+01
145, 1.545641475961634e+00, 2.679460454337096e-01, 7.425711968733075e-04, 3.165901078986838e-01, 3.009569201849327e-02, 5.382215187781507e+03, 2.125646923493683e+03, 1.667676278391190e+03, 2.139302548831936e-01, 7.073814691526011e-02, 4.263431024953938e+02, 4.052903229375863e+01
146, 1.544353773568136e+00, 2.678210392406611e-01, 7.427273721361945e-04, 3.268249865822576e-01, 3.236677864094294e-02, 5.386301222614353e+03, 2.125475597404315e+03, 1.667191226039462e+03, 2.209163214447976e-01, 6.945308823693998e-02, 4.400335827697588e+02, 4.357827630325682e+01
147, 1.543064872512647e+00, 2.676908741435615e-01, 7.426810237230766e-04, 3.369268899795362e-01, 3.466161470948080e-02, 5.388651877001702e+03, 2.124566961122185e+03, 1.666582505089255e+03, 2.278879519416012e-01, 6.263771677720281e-02, 4.536629848040471e+02, 4.667093086035960e+01
148, 1.541775984949451e+00, 2.675558472403765e-01, 7.426745900020207e-04, 3.462661838710521e-01, 3.690141604691669e-02, 5.390994320606733e+03, 2.123742245954398e+03, 1.665950002337734e+03, 2.343409209434438e-01, 5.645180903006990e-02, 4.662421315237270e+02, 4.968719348108610e+01
149, 1.540488309793796e+00, 2.674162911282742e-01, 7.425531113643946e-04, 3.545318220337955e-01, 3.903290601808057e-02, 5.392239853541860e+03, 2.122631353836451e+03, 1.665350973281769e+03, 2.401079010358566e-01, 4.811938539213564e-02, 4.774497831978181e+02, 5.256581033828014e+01
150, 1.539203031789391e+00, 2.672725727001408e-01, 7.426616625198809e-04, 3.622033224784103e-01, 4.108837323994310e-02, 5.395084619144743e+03, 2.122249180713049e+03, 1.664807759828697e+03, 2.453981513698673e-01, 4.525283488216519e-02, 4.877097348063448e+02, 5.532583047376997e+01
151, 1.537921320700975e+00, 2.671250916847491e-01, 7.426880465927331e-04, 3.689495136177923e-01, 4.301218847759908e-02, 5.397277309768037e+03, 2.121755676131401e+03, 1.664361499253996e+03, 2.500825441601552e-01, 4.155122500023699e-02, 4.967758876831805e+02, 5.791420593737605e+01
152, 1.536644330636628e+00, 2.669742789440078e-01, 7.426915392087639e-04, 3.748276562382369e-01, 4.479141329668222e-02, 5.399244680439981e+03, 2.121323382885868e+03, 1.664014571642212e+03, 2.541785214603477e-01, 3.830874051465082e-02, 5.046882002150778e+02, 6.030957797688303e+01
153, 1.535373199502799e+00, 2.668205945436817e-01, 7.427062439072334e-04, 3.794669259060846e-01, 4.636215651403061e-02, 5.401145634988891e+03, 2.121103637385789e+03, 1.663809256154291e+03, 2.574173901807260e-01, 3.666050431816933e-02, 5.109246475561895e+02, 6.242327554717772e+01
154, 1.534109048593151e+00, 2.666645256166889e-01, 7.429178350955209e-04, 3.827090166408691e-01, 4.773939737579514e-02, 5.404255425837250e+03, 2.121658646151394e+03, 1.663770613893349e+03, 2.596267128170974e-01, 4.082343614842992e-02, 5.151431269538201e+02, 6.425932333372644e+01
155, 1.532859431466454e+00, 2.665070253148953e-01, 7.430964691328066e-04, 3.847798567465566e-01, 5.013358734069885e-02, 5.406952001170379e+03, 2.122256071582476e+03, 1.663839036464658e+03, 2.611452621329008e-01, 4.530452094814393e-02, 5.178060625097501e+02, 6.746578596881875e+01
156, 1.531655003365802e+00, 2.663447841110301e-01, 7.431434084434098e-04, 3.867095803621913e-01, 5.406281800098544e-02, 5.408703656730316e+03, 2.122448443734595e+03, 1.663884752437980e+03, 2.627659848483924e-01, 4.674743897925058e-02, 5.203700604331461e+02, 7.274883607489107e+01
157, 1.530461939851943e+00, 2.661718509116835e-01, 7.431351127234192e-04, 3.892121019620546e-01, 5.832239401770530e-02, 5.410132822092733e+03, 2.122368229467972e+03, 1.663840442266172e+03, 2.648500108613849e-01, 4.614577906960571e-02, 5.237433883801855e+02, 7.848154799733140e+01
158, 1.529280992554930e+00, 2.659890449312461e-01, 7.429384007052427e-04, 3.922086909258345e-01, 6.254929323709220e-02, 5.410218395391093e+03, 2.121623522346501e+03, 1.663697015554932e+03, 2.673600011557336e-01, 4.055998444379353e-02, 5.279154914506048e+02, 8.419176230184975e+01
159, 1.528112891409083e+00, 2.657972255571721e-01, 7.425971227523547e-04, 3.957484466579572e-01, 6.675018868627819e-02, 5.409294331288641e+03, 2.120336896315918e+03, 1.663452219400531e+03, 2.703133585806244e-01, 3.090944054558576e-02, 5.329248316922627e+02, 8.988748628445521e+01
160, 1.526958347871890e+00, 2.655972885714844e-01, 7.424503229275535e-04, 3.996265483851860e-01, 7.088673179973043e-02, 5.409808438975738e+03, 2.119549684359352e+03, 1.663163415195999e+03, 2.734399476295266e-01, 2.500483162003602e-02, 5.382535855185837e+02, 9.547673374323172e+01
161, 1.525818058197443e+00, 2.653901624452342e-01, 7.419304473167867e-04, 4.034471170651142e-01, 7.487637462975848e-02, 5.407626241946653e+03, 2.117661862748399e+03, 1.662846435351436e+03, 2.766726520522964e-01, 1.084492431564115e-02, 5.437802404850651e+02, 1.009210161148543e+02
162, 1.524692706701895e+00, 2.651768047215682e-01, 7.411761414524800e-04, 4.078786988271511e-01, 7.882857203670605e-02, 5.403811269177932e+03, 2.114955556763477e+03, 1.662411509906719e+03, 2.804262011095702e-01, -9.454155672367874e-03, 5.503127745421390e+02, 1.063560571205463e+02
163, 1.523582968959981e+00, 2.649581984974468e-01, 7.405172666789204e-04, 4.129079925242291e-01, 8.273478043864937e-02, 5.400719492971079e+03, 2.112392072898315e+03, 1.661873879959292e+03, 2.845653992216846e-01, -2.868197555556489e-02, 5.575940104354935e+02, 1.117256601047254e+02
164, 1.522489514874708e+00, 2.647353490089474e-01, 7.397583105742006e-04, 4.182647712828143e-01, 8.653011304002668e-02, 5.396887569020850e+03, 2.109432734975390e+03, 1.661248305006616e+03, 2.889746666883242e-01, -5.087896198049193e-02, 5.654073300753554e+02, 1.169707887064655e+02
165, 1.521413011566422e+00, 2.645092803206162e-01, 7.386960129502855e-04, 4.234891760137851e-01, 9.009988392589401e-02, 5.390723409312764e+03, 2.105534772391765e+03, 1.660563109225012e+03, 2.934117103144170e-01, -8.011625248500323e-02, 5.732928953039930e+02, 1.219715313827716e+02
166, 1.520354126032681e+00, 2.642810321156226e-01, 7.376914377952512e-04, 4.287859075743810e-01, 9.346230211263805e-02, 5.384682540932007e+03, 2.101658080267217e+03, 1.659762856962343e+03, 2.978772452393980e-01, -1.091940005162739e-01, 5.812537405285597e+02, 1.266956580002747e+02
167, 1.519313527536247e+00, 2.640516565805571e-01, 7.364657863692456e-04, 4.340312847860543e-01, 9.656546832558284e-02, 5.376556507321359e+03, 2.096931569480631e+03, 1.658786165397848e+03, 3.023985726829689e-01, -1.446459490600308e-01, 5.893434465242650e+02, 1.311201010458988e+02
168, 1.518291889685044e+00, 2.638222153766271e-01, 7.352350781361458e-04, 4.393499753562721e-01, 9.940996459657746e-02, 5.367759517189891e+03, 2.091907653172017e+03, 1.657581961959570e+03, 3.069757984269866e-01, -1.823286351900467e-01, 5.975639471256516e+02, 1.352084082394249e+02
169, 1.517289892174799e+00, 2.635937766877114e-01, 7.338802285290045e-04, 4.445269753736983e-01, 1.019184006807299e-01, 5.357470358889966e+03, 2.086305435902420e+03, 1.656194829415869e+03, 3.114994852824722e-01, -2.243489599793868e-01, 6.057214216885387e+02, 1.388760682175836e+02
170, 1.516308222172040e+00, 2.633674123351744e-01, 7.323666560618661e-04, 4.498683762540089e-01, 1.041295637841031e-01, 5.345695857706917e+03, 2.080049443598497e+03, 1.654641138327153e+03, 3.161938700576369e-01, -2.712730287614248e-01, 6.142666006574808e+02, 1.421822838631622e+02
171, 1.515347575322218e+00, 2.631441949494397e-01, 7.306896163254564e-04, 4.557323040885164e-01, 1.060940553927593e-01, 5.332670407340882e+03, 2.073139055778495e+03, 1.652929078950976e+03, 3.213110574301826e-01, -3.231054955585676e-01, 6.237016291272008e+02, 1.451971576198012e+02
172, 1.514408656374499e+00, 2.629251951889715e-01, 7.288006417099830e-04, 4.621562702042216e-01, 1.077842146230020e-01, 5.318264417164507e+03, 2.065503994989594e+03, 1.651110028799966e+03, 3.268951129664004e-01, -3.803734876225490e-01, 6.341326334728049e+02, 1.478925901740539e+02
173, 1.513492179421384e+00, 2.627114789984090e-01, 7.267673265805988e-04, 4.691041967629832e-01, 1.091482289012905e-01, 5.303124052568519e+03, 2.057412936353001e+03, 1.649243549541902e+03, 3.328859100094456e-01, -4.410617643240433e-01, 6.454668221947912e+02, 1.501831809292075e+02
174, 1.512598867757506e+00, 2.625041048990241e-01, 7.245501927254125e-04, 4.764039479481301e-01, 1.100947094587067e-01, 5.286993215598157e+03, 2.048802806057827e+03, 1.647367168294773e+03, 3.391756847024116e-01, -5.056434208487250e-01, 6.575168328313122e+02, 1.519490444748664e+02
175, 1.511729453367700e+00, 2.623041213063254e-01, 7.222506346351090e-04, 4.840579492055408e-01, 1.105643826785169e-01, 5.270379237650724e+03, 2.039882712221470e+03, 1.645417028819155e+03, 3.457244558507306e-01, -5.725500083867154e-01, 6.702077173668300e+02, 1.530831229167082e+02
176, 1.510884676059707e+00, 2.621125638714039e-01, 7.198066782604686e-04, 4.922417336242837e-01, 1.105266224212093e-01, 5.252672321827135e+03, 2.030350479938362e+03, 1.643288678545288e+03, 3.526970612342311e-01, -6.440480380467503e-01, 6.838526905777908e+02, 1.535504264677219e+02
177, 1.510065282261604e+00, 2.619304528444226e-01, 7.172661096532753e-04, 5.015996088617644e-01, 1.100377166931212e-01, 5.234325375321407e+03, 2.020198036131768e+03, 1.640863126890600e+03, 3.605475410022251e-01, -7.201980632294229e-01, 6.993214960403418e+02, 1.534126807501237e+02
178, 1.509272023508246e+00, 2.617587904604062e-01, 7.143292814296346e-04, 5.123840921697627e-01, 1.090372200438342e-01, 5.213515411207652e+03, 2.008571410428378e+03, 1.638126915933008e+03, 3.696206263832292e-01, -8.074054250202430e-01, 7.172939784076812e+02, 1.526427977663337e+02
179, 1.508505654644644e+00, 2.615985583491489e-01, 7.112316848967177e-04, 5.247860007594405e-01, 1.074178403124322e-01, 5.192338568552994e+03, 1.996247532012785e+03, 1.635166641564977e+03, 3.799425928358574e-01, -8.998426420660548e-01, 7.378552051370544e+02, 1.510307296391484e+02
180, 1.507766931777312e+00, 2.614507149725404e-01, 7.076308049367940e-04, 5.383493483403896e-01, 1.049043950843552e-01, 5.168371873545157e+03, 1.982325612814107e+03, 1.632025665041541e+03, 3.913830825462895e-01, -1.004266219065499e+00, 7.607771518489437e+02, 1.482473549094931e+02
181, 1.507056610007178e+00, 2.613161930939252e-01, 7.037431627119613e-04, 5.531765618801465e-01, 1.013008296113402e-01, 5.143088605964863e+03, 1.967354308628363e+03, 1.628647566444658e+03, 4.039373062162359e-01, -1.116560875650678e+00, 7.860489326083286e+02, 1.439457389837578e+02
182, 1.506375440979697e+00, 2.611958972851898e-01, 6.999956918709549e-04, 5.689009837438088e-01, 9.627632704897980e-02, 5.119306206943451e+03, 1.952602622949417e+03, 1.625089272924704e+03, 4.171090866260743e-01, -1.227208248572753e+00, 8.127206929277594e+02, 1.375384565462847e+02
183, 1.505724170289353e+00, 2.610907014781398e-01, 6.958162055384094e-04, 5.850759259832038e-01, 8.944718842296692e-02, 5.092592830913049e+03, 1.936345416393812e+03, 1.621238897366389e+03, 4.309495578488189e-01, -1.349148021123384e+00, 8.408483753701643e+02, 1.285500218462926e+02
184, 1.505103534776747e+00, 2.610014465673612e-01, 6.902414025525406e-04, 6.024837192577041e-01, 8.055126049975354e-02, 5.055752194617198e+03, 1.915244089838405e+03, 1.616522847931375e+03, 4.468029414201970e-01, -1.507421888892872e+00, 8.728594329892337e+02, 1.167001286823302e+02
185, 1.504514259757082e+00, 2.609289380721735e-01, 6.840780871692130e-04, 6.221311406876586e-01, 6.918873521002290e-02, 5.018671948651065e+03, 1.892910443316450e+03, 1.612067084592863e+03, 4.649104405885798e-01, -1.674938969259578e+00, 9.094446267999939e+02, 1.011415750741749e+02
186, 1.503957056218904e+00, 2.608739438654793e-01, 6.778483599019353e-04, 6.433559121255047e-01, 5.457018821471672e-02, 4.980703594127520e+03, 1.869279079079559e+03, 1.606572460697065e+03, 4.847754645353314e-01, -1.852189788473305e+00, 9.491148023410124e+02, 8.050500885273428e+01
187, 1.503432618031617e+00, 2.608371919773183e-01, 6.710958196570590e-04, 6.636275437485220e-01, 3.566713426658270e-02, 4.939027055030650e+03, 1.843983221794398e+03, 1.600778172974489e+03, 5.049123383372378e-01, -2.041925403461995e+00, 9.888715207429641e+02, 5.314760310205655e+01
188, 1.502941619199502e+00, 2.608193684807601e-01, 6.623752620200402e-04, 6.836941118260363e-01, 1.159545934930465e-02, 4.883403396561510e+03, 1.812180937182787e+03, 1.593882035178674e+03, 5.274817550407410e-01, -2.280463515090614e+00, 1.032185455931703e+03, 1.750587622179922e+01
189, 1.502484711198734e+00, 2.608211154674326e-01, 6.525258999028773e-04, 7.053175520703664e-01, -1.898337755301356e-02, 4.820777409974025e+03, 1.775724463451945e+03, 1.585391574897914e+03, 5.539763848962229e-01, -2.553911115053874e+00, 1.080903535285491e+03, -2.909214416751745e+01
190, 1.502062520432224e+00, 2.608430291195130e-01, 6.414525321335104e-04, 7.251313497646898e-01, -5.784666116345217e-02, 4.749952470364465e+03, 1.734992408598271e+03, 1.575766188109149e+03, 5.827726162854954e-01, -2.859428393645902e+00, 1.130452080924614e+03, -9.018073554258277e+01
191, 1.501675645835139e+00, 2.608856578844198e-01, 6.287561343685913e-04, 7.420407960453668e-01, -1.070743710816638e-01, 4.668137820451063e+03, 1.688461019236220e+03, 1.564471031193585e+03, 6.149673625373100e-01, -3.208444506338240e+00, 1.180172654363902e+03, -1.702955489876690e+02
192, 1.501324656661447e+00, 2.609495007577586e-01, 6.146329676026480e-04, 7.544250369026152e-01, -1.692897738020775e-01, 4.577195027862266e+03, 1.636350156203695e+03, 1.551026126631634e+03, 6.515890271551501e-01, -3.599310351824628e+00, 1.227439914011155e+03, -2.754323030578488e+02
193, 1.501010090479113e+00, 2.610350056793139e-01, 5.996058876401855e-04, 7.546902150701258e-01, -2.460396798691802e-01, 4.479311186630667e+03, 1.581555476054697e+03, 1.536658151043968e+03, 6.889109641462017e-01, -4.010306595951818e+00, 1.258643770227627e+03, -4.103356637098682e+02
194, 1.500732451398417e+00, 2.611425680460619e-01, 5.888557238691147e-04, 7.362731803316718e-01, -3.376876014334276e-01, 4.410112953694043e+03, 1.541195649532364e+03, 1.524781436131241e+03, 7.186177832443261e-01, -4.313031916534012e+00, 1.250345628796713e+03, -5.734640723446302e+02
195, 1.500492208554420e+00, 2.612725293453211e-01, 5.872742209402384e-04, 6.889264278405631e-01, -4.398354251403359e-01, 4.401480373643122e+03, 1.533074986140957e+03, 1.520831792139225e+03, 7.280251250834735e-01, -4.373942248424147e+00, 1.173091552933445e+03, -7.489438655014520e+02
196, 1.500289794860889e+00, 2.614251759102793e-01, 5.987825237595036e-04, 6.048235092034298e-01, -5.414807207498684e-01, 4.478785311722841e+03, 1.571396528707449e+03, 1.528887026327678e+03, 7.073029511204825e-01, -4.086505401979187e+00, 1.010088780490782e+03, -9.043028132319873e+02
197, 1.500125606049013e+00, 2.616007377992512e-01, 6.197482232051148e-04, 4.805110257466432e-01, -6.204835310592426e-01, 4.614593021677750e+03, 1.647082090021570e+03, 1.548312702611803e+03, 6.564815469043155e-01, -3.518813769321099e+00, 7.753326395380579e+02, -1.001186462222231e+03
