"PointID","x","y","Density","Momentum_x","Momentum_y","Energy","Pressure","Temperature","Mach","Pressure_Coefficient","Velocity_x","Velocity_y","Laminar_Viscosity","Skin_Friction_Coefficient_x","Skin_Friction_Coefficient_y","Heat_Flux","Y_Plus"
0, 4.166666666666667e-01, 4.363323129985824e-02, 7.693728812582886e-04, 0.000000000000000e+00, 0.000000000000000e+00, 5.593875190817275e+03, 2.237550076326910e+03, 1.694316778770868e+03, 0.000000000000000e+00, 9.102693081558332e-01, 0.000000000000000e+00, 0.000000000000000e+00, 8.361315068172940e-07, 6.562259330626164e-03, -3.144198741731600e-02, -0.000000000000000e+00, 0.000000000000000e+00
1, 4.166409855899193e-01, 4.386685809309609e-02, 7.740034542813134e-04, 0.000000000000000e+00, 0.000000000000000e+00, 5.620459829331086e+03, 2.248183931732434e+03, 1.692184306200586e+03, 0.000000000000000e+00, 9.900311109125502e-01, 0.000000000000000e+00, 0.000000000000000e+00, 8.354946368712055e-07, 1.486697299857007e-04, -1.134996989813116e-02, -0.000000000000000e+00, 0.000000000000000e+00
2, 4.166604665428680e-01, 4.410657054979675e-02, 7.763776055991367e-04, 0.000000000000000e+00, 0.000000000000000e+00, 5.641902288630955e+03, 2.256760915452382e+03, 1.693445694761812e+03, 0.000000000000000e+00, 1.054364850429319e+00, 0.000000000000000e+00, 0.000000000000000e+00, 8.358714080374451e-07, -6.393962175649647e-04, -3.679333605548136e-03, -0.000000000000000e+00, 0.000000000000000e+00
3, 4.167253334319115e-01, 4.435222826118874e-02, 7.751067514302347e-04, 0.000000000000000e+00, 0.000000000000000e+00, 5.631332610588004e+03, 2.252533044235201e+03, 1.693044500263338e+03, 0.000000000000000e+00, 1.022652680454697e+00, 0.000000000000000e+00, 0.000000000000000e+00, 8.357515897755938e-07, 4.701753622321836e-03, 1.333195678707913e-02, -0.000000000000000e+00, 0.000000000000000e+00
4, 4.168357508798048e-01, 4.460359429736167e-02, 7.704278822573491e-04, 0.000000000000000e+00, 0.000000000000000e+00, 5.593483080939254e+03, 2.237393232375701e+03, 1.691878029149145e+03, 0.000000000000000e+00, 9.090928621893616e-01, 0.000000000000000e+00, 0.000000000000000e+00, 8.354031299560498e-07, 1.203146596510868e-02, 2.293996896504142e-02, -0.000000000000000e+00, 0.000000000000000e+00
5, 4.169918238226857e-01, 4.486033602723927e-02, 7.642932755745192e-04, 0.000000000000000e+00, 0.000000000000000e+00, 5.545483605045129e+03, 2.218193442018051e+03, 1.690822820647517e+03, 0.000000000000000e+00, 7.650801938694968e-01, 0.000000000000000e+00, 0.000000000000000e+00, 8.350877936889118e-07, 1.816355248191133e-02, 2.631458275215706e-02, -0.000000000000000e+00, 0.000000000000000e+00
6, 4.171935969889624e-01, 4.512202652923602e-02, 7.576602139471602e-04, 0.000000000000000e+00, 0.000000000000000e+00, 5.494370602014936e+03, 2.197748240805974e+03, 1.689904572911613e+03, 0.000000000000000e+00, 6.117260204102786e-01, 0.000000000000000e+00, 0.000000000000000e+00, 8.348132983443887e-07, 2.183738754477511e-02, 2.565721839740490e-02, -0.000000000000000e+00, 0.000000000000000e+00
7, 4.174410542670530e-01, 4.538814658142127e-02, 7.516527438870827e-04, 0.000000000000000e+00, 0.000000000000000e+00, 5.448301249326459e+03, 2.179320499730583e+03, 1.689128070503464e+03, 0.000000000000000e+00, 4.735042943424613e-01, 0.000000000000000e+00, 0.000000000000000e+00, 8.345811114151817e-07, 2.408965694777979e-02, 2.389087281366800e-02, -0.000000000000000e+00, 0.000000000000000e+00
8, 4.177341179727100e-01, 4.565808721718293e-02, 7.460980759292693e-04, 0.000000000000000e+00, 0.000000000000000e+00, 5.405495534168529e+03, 2.162198213667411e+03, 1.688333767124592e+03, 0.000000000000000e+00, 3.450744491326723e-01, 0.000000000000000e+00, 0.000000000000000e+00, 8.343435409185610e-07, 2.508215100318659e-02, 2.156412160565907e-02, -0.000000000000000e+00, 0.000000000000000e+00
9, 4.180726480302119e-01, 4.593115282966555e-02, 7.412966253967292e-04, 0.000000000000000e+00, 0.000000000000000e+00, 5.368742288566054e+03, 2.147496915426421e+03, 1.687715534972520e+03, 0.000000000000000e+00, 2.348038082552079e-01, 0.000000000000000e+00, 0.000000000000000e+00, 8.341585895015406e-07, 2.526790279437647e-02, 1.918653599027873e-02, -0.000000000000000e+00, 0.000000000000000e+00
10, 4.184564410850005e-01, 4.620656480566145e-02, 7.369994223597956e-04, 0.000000000000000e+00, 0.000000000000000e+00, 5.335788818653409e+03, 2.134315527461363e+03, 1.687136413219356e+03, 0.000000000000000e+00, 1.359336217767922e-01, 0.000000000000000e+00, 0.000000000000000e+00, 8.339853045946751e-07, 2.516016708435335e-02, 1.710140167014395e-02, -0.000000000000000e+00, 0.000000000000000e+00
11, 4.188852295683902e-01, 4.648346566715750e-02, 7.329284592504163e-04, 0.000000000000000e+00, 0.000000000000000e+00, 5.304360056740738e+03, 2.121744022696295e+03, 1.686514674108578e+03, 0.000000000000000e+00, 4.163801165352882e-02, 0.000000000000000e+00, 0.000000000000000e+00, 8.337992312735276e-07, 2.451887129371138e-02, 1.506501543301666e-02, -0.000000000000000e+00, 0.000000000000000e+00
12, 4.193586807377032e-01, 4.676092369638785e-02, 7.296770213671239e-04, 0.000000000000000e+00, 0.000000000000000e+00, 5.279672648499229e+03, 2.111869059399691e+03, 1.686145469446894e+03, 0.000000000000000e+00, -3.243153740995751e-02, 0.000000000000000e+00, 0.000000000000000e+00, 8.336887182878912e-07, 2.397447764921043e-02, 1.341166160010095e-02, -0.000000000000000e+00, 0.000000000000000e+00
13, 4.198763957175955e-01, 4.703793801800995e-02, 7.263916264063790e-04, 0.000000000000000e+00, 0.000000000000000e+00, 5.254382508019363e+03, 2.101753003207744e+03, 1.685658403053549e+03, 0.000000000000000e+00, -1.083094620090391e-01, 0.000000000000000e+00, 0.000000000000000e+00, 8.335429057087343e-07, 2.360502594611852e-02, 1.208480573034049e-02, -0.000000000000000e+00, 0.000000000000000e+00
14, 4.204379085703951e-01, 4.731344410990607e-02, 7.232268714667169e-04, 0.000000000000000e+00, 0.000000000000000e+00, 5.230057680356829e+03, 2.092023072142732e+03, 1.685196848560882e+03, 0.000000000000000e+00, -1.812911617640319e-01, 0.000000000000000e+00, 0.000000000000000e+00, 8.334047092027088e-07, 2.285451982746155e-02, 1.074604381890341e-02, -0.000000000000000e+00, 0.000000000000000e+00
15, 4.210426854249538e-01, 4.758631971210922e-02, 7.205404230764727e-04, 0.000000000000000e+00, 0.000000000000000e+00, 5.209758280925692e+03, 2.083903312370276e+03, 1.684914769160724e+03, 0.000000000000000e+00, -2.421953825479668e-01, 0.000000000000000e+00, 0.000000000000000e+00, 8.333202400407647e-07, 2.201179475507736e-02, 9.526498852750599e-03, -0.000000000000000e+00, 0.000000000000000e+00
16, 4.216901236948010e-01, 4.785539110145240e-02, 7.181253751463208e-04, 0.000000000000000e+00, 0.000000000000000e+00, 5.191497211753535e+03, 2.076598884701414e+03, 1.684655351475898e+03, 0.000000000000000e+00, -2.969840078166371e-01, 0.000000000000000e+00, 0.000000000000000e+00, 8.332425500982161e-07, 2.148977055830046e-02, 8.569764087885628e-03, -0.000000000000000e+00, 0.000000000000000e+00
17, 4.223795514172626e-01, 4.811943969773783e-02, 7.156842346782163e-04, 0.000000000000000e+00, 0.000000000000000e+00, 5.172711997562194e+03, 2.069084799024877e+03, 1.684284926321625e+03, 0.000000000000000e+00, -3.533452236478778e-01, 0.000000000000000e+00, 0.000000000000000e+00, 8.331316044241279e-07, 2.108365056403839e-02, 7.747202216908813e-03, -0.000000000000000e+00, 0.000000000000000e+00
18, 4.231102267456488e-01, 4.837720896550544e-02, 7.133643663849387e-04, 0.000000000000000e+00, 0.000000000000000e+00, 5.154801177334693e+03, 2.061920470933877e+03, 1.683911336948746e+03, 0.000000000000000e+00, -4.070829981696085e-01, 0.000000000000000e+00, 0.000000000000000e+00, 8.330196974357905e-07, 2.052668176796799e-02, 6.943050204452023e-03, -0.000000000000000e+00, 0.000000000000000e+00
19, 4.238813376266106e-01, 4.862741157384148e-02, 7.112649951787344e-04, 0.000000000000000e+00, 0.000000000000000e+00, 5.138630204640739e+03, 2.055452081856296e+03, 1.683583433173881e+03, 0.000000000000000e+00, -4.556007139071863e-01, 0.000000000000000e+00, 0.000000000000000e+00, 8.329214640991826e-07, 1.986940537428689e-02, 6.174307735669939e-03, -0.000000000000000e+00, 0.000000000000000e+00
20, 4.246920016943005e-01, 4.886873677509895e-02, 7.093370162414306e-04, 0.000000000000000e+00, 0.000000000000000e+00, 5.123849295523334e+03, 2.049539718209333e+03, 1.683303543075398e+03, 0.000000000000000e+00, -4.999478265066311e-01, 0.000000000000000e+00, 0.000000000000000e+00, 8.328376063584160e-07, 1.920386574840610e-02, 5.465774850852661e-03, -0.000000000000000e+00, 0.000000000000000e+00
21, 4.255412664120224e-01, 4.909985796189559e-02, 7.075599546823570e-04, 0.000000000000000e+00, 0.000000000000000e+00, 5.110308024799133e+03, 2.044123209919653e+03, 1.683071423838202e+03, 0.000000000000000e+00, -5.405756561465886e-01, 0.000000000000000e+00, 0.000000000000000e+00, 8.327680554017489e-07, 1.859606762078022e-02, 4.827646281700839e-03, -0.000000000000000e+00, 0.000000000000000e+00
22, 4.264281094906237e-01, 4.931944036031207e-02, 7.058942912054302e-04, 0.000000000000000e+00, 0.000000000000000e+00, 5.097637992635379e+03, 2.039055197054151e+03, 1.682860182919602e+03, 0.000000000000000e+00, -5.785895116233729e-01, 0.000000000000000e+00, 0.000000000000000e+00, 8.327047557235717e-07, 1.808588520354789e-02, 4.259176664585891e-03, -0.000000000000000e+00, 0.000000000000000e+00
23, 4.273514396109306e-01, 4.952614881583379e-02, 7.042720251231893e-04, 0.000000000000000e+00, 0.000000000000000e+00, 5.085228898986234e+03, 2.034091559594493e+03, 1.682630598481430e+03, 0.000000000000000e+00, -6.158204741402625e-01, 0.000000000000000e+00, 0.000000000000000e+00, 8.326359543343846e-07, 1.756747942903213e-02, 3.726488185950688e-03, -0.000000000000000e+00, 0.000000000000000e+00
24, 4.283100974750702e-01, 4.971865562727581e-02, 7.027992947620085e-04, 0.000000000000000e+00, 0.000000000000000e+00, 5.073968458283943e+03, 2.029587383313577e+03, 1.682422856542218e+03, 0.000000000000000e+00, -6.496051370305701e-01, 0.000000000000000e+00, 0.000000000000000e+00, 8.325736942073445e-07, 1.697638561022977e-02, 3.214466825548451e-03, -0.000000000000000e+00, 0.000000000000000e+00
25, 4.293028572085217e-01, 4.989564838271852e-02, 7.014985760575681e-04, 0.000000000000000e+00, 0.000000000000000e+00, 5.064039673208370e+03, 2.025615869283347e+03, 1.682244121249271e+03, 0.000000000000000e+00, -6.793944379608909e-01, 0.000000000000000e+00, 0.000000000000000e+00, 8.325201239675364e-07, 1.635062359405694e-02, 2.731533587371585e-03, -0.000000000000000e+00, 0.000000000000000e+00
26, 4.303284281312176e-01, 5.005583775039022e-02, 7.003523229230945e-04, 0.000000000000000e+00, 0.000000000000000e+00, 5.055302148140065e+03, 2.022120859256025e+03, 1.682090112880821e+03, 0.000000000000000e+00, -7.056096054425905e-01, 0.000000000000000e+00, 0.000000000000000e+00, 8.324739623272358e-07, 1.571403836517576e-02, 2.281099765879172e-03, -0.000000000000000e+00, 0.000000000000000e+00
27, 4.313854569119477e-01, 5.019796517649910e-02, 6.993577992399683e-04, 0.000000000000000e+00, 0.000000000000000e+00, 5.047735856711158e+03, 2.019094342684463e+03, 1.681960962446838e+03, 0.000000000000000e+00, -7.283107245207670e-01, 0.000000000000000e+00, 0.000000000000000e+00, 8.324352496773158e-07, 1.509310768977625e-02, 1.865238401663443e-03, -0.000000000000000e+00, 0.000000000000000e+00
28, 4.324725301157377e-01, 5.032081044129063e-02, 6.984729576694573e-04, 0.000000000000000e+00, 0.000000000000000e+00, 5.040961095790783e+03, 2.016384438316313e+03, 1.681831424772788e+03, 0.000000000000000e+00, -7.486370172395527e-01, 0.000000000000000e+00, 0.000000000000000e+00, 8.323964193093716e-07, 1.446930133986993e-02, 1.479523526895475e-03, -0.000000000000000e+00, 0.000000000000000e+00
29, 4.335881771487786e-01, 5.042319902414729e-02, 6.977017342418553e-04, 0.000000000000000e+00, 0.000000000000000e+00, 5.035034688026884e+03, 2.014013875210753e+03, 1.681711051159688e+03, 0.000000000000000e+00, -7.664179987967910e-01, 0.000000000000000e+00, 0.000000000000000e+00, 8.323603344957960e-07, 1.377845697641929e-02, 1.117720410703081e-03, -0.000000000000000e+00, 0.000000000000000e+00
30, 4.347308735999328e-01, 5.050400922842501e-02, 6.971102483800313e-04, 0.000000000000000e+00, 0.000000000000000e+00, 5.030522925725379e+03, 2.012209170290151e+03, 1.681629737893908e+03, 0.000000000000000e+00, -7.799546242653287e-01, 0.000000000000000e+00, 0.000000000000000e+00, 8.323359581329310e-07, 1.301865041463241e-02, 7.829664352480268e-04, -0.000000000000000e+00, 0.000000000000000e+00
31, 4.358990449718645e-01, 5.056217901701485e-02, 6.967715212299408e-04, 0.000000000000000e+00, 0.000000000000000e+00, 5.027949677469185e+03, 2.011179870987674e+03, 1.681586624923495e+03, 0.000000000000000e+00, -7.876751324734023e-01, 0.000000000000000e+00, 0.000000000000000e+00, 8.323230333192598e-07, 1.228951514990068e-02, 4.827047476835566e-04, -0.000000000000000e+00, 0.000000000000000e+00
32, 4.370910707885338e-01, 5.059671251041057e-02, 6.965601376198215e-04, 0.000000000000000e+00, 0.000000000000000e+00, 5.026212905819936e+03, 2.010485162327974e+03, 1.681515896707200e+03, 0.000000000000000e+00, -7.928859626920964e-01, 0.000000000000000e+00, 0.000000000000000e+00, 8.323018293512087e-07, 1.148027729421783e-02, 2.123448996499283e-04, -0.000000000000000e+00, 0.000000000000000e+00
33, 4.383052890592393e-01, 5.060668610043906e-02, 6.965654666202190e-04, 0.000000000000000e+00, 0.000000000000000e+00, 5.026100792484083e+03, 2.010440316993633e+03, 1.681465525299184e+03, 0.000000000000000e+00, -7.932223359617996e-01, 0.000000000000000e+00, 0.000000000000000e+00, 8.322867279539239e-07, 1.062751060590658e-02, -2.368746244784214e-05, -0.000000000000000e+00, 0.000000000000000e+00
34, 4.395400010727120e-01, 5.059125413485161e-02, 6.967670261252018e-04, 0.000000000000000e+00, 0.000000000000000e+00, 5.027539540232688e+03, 2.011015816093074e+03, 1.681460303093288e+03, 0.000000000000000e+00, -7.889056658637195e-01, 0.000000000000000e+00, 0.000000000000000e+00, 8.322851623172555e-07, 9.646757736116542e-03, -2.211142088535045e-04, -0.000000000000000e+00, 0.000000000000000e+00
35, 4.407934764881070e-01, 5.054965413074903e-02, 6.971786181969521e-04, 0.000000000000000e+00, 0.000000000000000e+00, 5.030504791186226e+03, 2.012201916474490e+03, 1.681458764957005e+03, 0.000000000000000e+00, -7.800090332629990e-01, 0.000000000000000e+00, 0.000000000000000e+00, 8.322847011777909e-07, 8.562954554513440e-03, -3.733383882856696e-04, -0.000000000000000e+00, 0.000000000000000e+00
36, 4.420639586832756e-01, 5.048121147837945e-02, 6.978201340798908e-04, 0.000000000000000e+00, 0.000000000000000e+00, 5.035255628566882e+03, 2.014102251426752e+03, 1.681499495603497e+03, 0.000000000000000e+00, -7.657551116274566e-01, 0.000000000000000e+00, 0.000000000000000e+00, 8.322969123116471e-07, 7.381454447323996e-03, -4.744752437309239e-04, -0.000000000000000e+00, 0.000000000000000e+00
37, 4.433496703146014e-01, 5.038534360123148e-02, 6.986810222350894e-04, 0.000000000000000e+00, 0.000000000000000e+00, 5.041662922613777e+03, 2.016665169045511e+03, 1.681564664657609e+03, 0.000000000000000e+00, -7.465313285503506e-01, 0.000000000000000e+00, 0.000000000000000e+00, 8.323164497931305e-07, 6.133841956007701e-03, -5.212218587233449e-04, -0.000000000000000e+00, 0.000000000000000e+00
38, 4.446488190371776e-01, 5.026156354355102e-02, 6.997579254537891e-04, 0.000000000000000e+00, 0.000000000000000e+00, 5.049730916171326e+03, 2.019892366468529e+03, 1.681663601610084e+03, 0.000000000000000e+00, -7.223249542396668e-01, 0.000000000000000e+00, 0.000000000000000e+00, 8.323461099898869e-07, 4.846678492525335e-03, -5.122766820443546e-04, -0.000000000000000e+00, 0.000000000000000e+00
39, 4.459596033293618e-01, 5.010948296239986e-02, 7.009133260069423e-04, 0.000000000000000e+00, 0.000000000000000e+00, 5.058425480042244e+03, 2.023370192016897e+03, 1.681782205794842e+03, 0.000000000000000e+00, -6.962386830959909e-01, 0.000000000000000e+00, 0.000000000000000e+00, 8.323816649382123e-07, 3.573204985969836e-03, -4.518434360846015e-04, -0.000000000000000e+00, 0.000000000000000e+00
40, 4.472802183620059e-01, 4.992881450807456e-02, 7.021690055050017e-04, 0.000000000000000e+00, 0.000000000000000e+00, 5.068176160854282e+03, 2.027270464341712e+03, 1.682010723004536e+03, 0.000000000000000e+00, -6.669837477968154e-01, 0.000000000000000e+00, 0.000000000000000e+00, 8.324501655239820e-07, 2.393153666165482e-03, -3.523973526282572e-04, -0.000000000000000e+00, 0.000000000000000e+00
41, 4.486088618500803e-01, 4.971937358399753e-02, 7.033245715248800e-04, 0.000000000000000e+00, 0.000000000000000e+00, 5.077430893626088e+03, 2.030972357450435e+03, 1.682313556301785e+03, 0.000000000000000e+00, -6.392168037577819e-01, 0.000000000000000e+00, 0.000000000000000e+00, 8.325409352961467e-07, 1.317652962125116e-03, -2.214960112414038e-04, -0.000000000000000e+00, 0.000000000000000e+00
42, 4.499437398231819e-01, 4.948107948492033e-02, 7.044933021215873e-04, 0.000000000000000e+00, 0.000000000000000e+00, 5.087403250898936e+03, 2.034961300359574e+03, 1.682821331030292e+03, 0.000000000000000e+00, -6.092967733085004e-01, 0.000000000000000e+00, 0.000000000000000e+00, 8.326931130329521e-07, 3.456231082881622e-04, -6.532172032065228e-05, -0.000000000000000e+00, 0.000000000000000e+00
43, 4.512830722516400e-01, 4.921395592024680e-02, 7.054644863995591e-04, 0.000000000000000e+00, 0.000000000000000e+00, 5.096012491490662e+03, 2.038404996596264e+03, 1.683348520560463e+03, 0.000000000000000e+00, -5.834664973163854e-01, 0.000000000000000e+00, 0.000000000000000e+00, 8.328510825590337e-07, -4.773105474241374e-04, 9.961882088203506e-05, -0.000000000000000e+00, 0.000000000000000e+00
44, 4.525913313542274e-01, 4.892850433667905e-02, 7.063339537235095e-04, 0.000000000000000e+00, 0.000000000000000e+00, 5.103570508214058e+03, 2.041428203285622e+03, 1.683769930288130e+03, 0.000000000000000e+00, -5.607902048097094e-01, 0.000000000000000e+00, 0.000000000000000e+00, 8.329773361524793e-07, -1.004070342684052e-03, 2.252597720872876e-04, -0.000000000000000e+00, 0.000000000000000e+00
45, 4.538970709607111e-01, 4.862751418562911e-02, 7.070939126727487e-04, 0.000000000000000e+00, 0.000000000000000e+00, 5.109595750516711e+03, 2.043838300206684e+03, 1.683945986711208e+03, 0.000000000000000e+00, -5.427126903136604e-01, 0.000000000000000e+00, 0.000000000000000e+00, 8.330300771885403e-07, -1.337205910673354e-03, 3.161932338868500e-04, -0.000000000000000e+00, 0.000000000000000e+00
46, 4.552052473470964e-01, 4.831042260050305e-02, 7.077983639710582e-04, 0.000000000000000e+00, 0.000000000000000e+00, 5.114621676513605e+03, 2.045848670605441e+03, 1.683924726628657e+03, 0.000000000000000e+00, -5.276334212152349e-01, 0.000000000000000e+00, 0.000000000000000e+00, 8.330237084892535e-07, -1.536750773130068e-03, 3.815344292959210e-04, -0.000000000000000e+00, 0.000000000000000e+00
47, 4.565144374069854e-01, 4.797769156585351e-02, 7.084588663831044e-04, 0.000000000000000e+00, 0.000000000000000e+00, 5.118965420340176e+03, 2.047586168136070e+03, 1.683783578437290e+03, 0.000000000000000e+00, -5.146009010197595e-01, 0.000000000000000e+00, 0.000000000000000e+00, 8.329814248225748e-07, -1.631691794829320e-03, 4.241901173020488e-04, -0.000000000000000e+00, 0.000000000000000e+00
48, 4.578232306395552e-01, 4.762982676528343e-02, 7.090072068240003e-04, 0.000000000000000e+00, 0.000000000000000e+00, 5.122755716177589e+03, 2.049102286471035e+03, 1.683727133310924e+03, 0.000000000000000e+00, -5.032288889904689e-01, 0.000000000000000e+00, 0.000000000000000e+00, 8.329645150488250e-07, -1.617374838095578e-03, 4.391962168553473e-04, -0.000000000000000e+00, 0.000000000000000e+00
49, 4.591302309636702e-01, 4.726737593146210e-02, 7.092973049289294e-04, 0.000000000000000e+00, 0.000000000000000e+00, 5.125158059414474e+03, 2.050063223765789e+03, 1.683827769334891e+03, 0.000000000000000e+00, -4.960211465449668e-01, 0.000000000000000e+00, 0.000000000000000e+00, 8.329946632691584e-07, -1.606346850805061e-03, 4.546179207532134e-04, -0.000000000000000e+00, 0.000000000000000e+00
50, 4.604340584111872e-01, 4.689092713573629e-02, 7.095566375756740e-04, 0.000000000000000e+00, 0.000000000000000e+00, 5.127881999902536e+03, 2.051152799961014e+03, 1.684106955495662e+03, 0.000000000000000e+00, -4.878485169334359e-01, 0.000000000000000e+00, 0.000000000000000e+00, 8.330782957810054e-07, -1.595643399510856e-03, 4.697025230006346e-04, -0.000000000000000e+00, 0.000000000000000e+00
51, 4.617333507023973e-01, 4.650110703370729e-02, 7.096892374109542e-04, 0.000000000000000e+00, 0.000000000000000e+00, 5.130005308611700e+03, 2.052002123444679e+03, 1.684489503442139e+03, 0.000000000000000e+00, -4.814779608559492e-01, 0.000000000000000e+00, 0.000000000000000e+00, 8.331928787766003e-07, -1.537016864787377e-03, 4.697224379524530e-04, -0.000000000000000e+00, 0.000000000000000e+00
52, 4.630267647078762e-01, 4.609857908121840e-02, 7.097324874373290e-04, 0.000000000000000e+00, 0.000000000000000e+00, 5.131438216677459e+03, 2.052575286670984e+03, 1.684857334483237e+03, 0.000000000000000e+00, -4.771788115389364e-01, 0.000000000000000e+00, 0.000000000000000e+00, 8.333030401740872e-07, -1.528860634487792e-03, 4.842478876281090e-04, -0.000000000000000e+00, 0.000000000000000e+00
53, 4.643129778021007e-01, 4.568404173310317e-02, 7.098492243486634e-04, 0.000000000000000e+00, 0.000000000000000e+00, 5.133373539118284e+03, 2.053349415647313e+03, 1.685215594070445e+03, 0.000000000000000e+00, -4.713722700388328e-01, 0.000000000000000e+00, 0.000000000000000e+00, 8.334103223020665e-07, -1.554156314118845e-03, 5.093906267263780e-04, -0.000000000000000e+00, 0.000000000000000e+00
54, 4.655906891150261e-01, 4.525822663483170e-02, 7.100275183215511e-04, 0.000000000000000e+00, 0.000000000000000e+00, 5.135671006194295e+03, 2.054268402477718e+03, 1.685546459343718e+03, 0.000000000000000e+00, -4.644791871909464e-01, 0.000000000000000e+00, 0.000000000000000e+00, 8.335093899553324e-07, -1.458274577790510e-03, 4.938807494686485e-04, -0.000000000000000e+00, 0.000000000000000e+00
55, 4.668586206883923e-01, 4.482189681491767e-02, 7.100818841389601e-04, 0.000000000000000e+00, 0.000000000000000e+00, 5.136442219905170e+03, 2.054576887962067e+03, 1.685670505131113e+03, 0.000000000000000e+00, -4.621653172521827e-01, 0.000000000000000e+00, 0.000000000000000e+00, 8.335465289764841e-07, -1.365277662721578e-03, 4.771395964882273e-04, -0.000000000000000e+00, 0.000000000000000e+00
56, 4.681155185438325e-01, 4.437584488366405e-02, 7.104599662984829e-04, 0.000000000000000e+00, 0.000000000000000e+00, 5.139858620567904e+03, 2.055943448227161e+03, 1.685894042724439e+03, 0.000000000000000e+00, -4.519151016753407e-01, 0.000000000000000e+00, 0.000000000000000e+00, 8.336134518163728e-07, -1.084459943961650e-03, 3.906022670032594e-04, -0.000000000000000e+00, 0.000000000000000e+00
57, 4.693601536699123e-01, 4.392089124158528e-02, 7.103858809630726e-04, 0.000000000000000e+00, 0.000000000000000e+00, 5.138663693561059e+03, 2.055465477424423e+03, 1.685677881016852e+03, 0.000000000000000e+00, -4.555002372106294e-01, 0.000000000000000e+00, 0.000000000000000e+00, 8.335487372521956e-07, -8.094919163630962e-04, 3.001381267020863e-04, -0.000000000000000e+00, 0.000000000000000e+00
58, 4.705913229350309e-01, 4.345788229869642e-02, 7.104821933187122e-04, 0.000000000000000e+00, 0.000000000000000e+00, 5.139752490394258e+03, 2.055900996157703e+03, 1.685806490485056e+03, 0.000000000000000e+00, -4.522335236833191e-01, 0.000000000000000e+00, 0.000000000000000e+00, 8.335872409479805e-07, -6.387476856375516e-04, 2.435273404911869e-04, -0.000000000000000e+00, 0.000000000000000e+00
59, 4.718078499326996e-01, 4.298768870385425e-02, 7.102921997059836e-04, 0.000000000000000e+00, 0.000000000000000e+00, 5.138917826512466e+03, 2.055567130604986e+03, 1.685983583321711e+03, 0.000000000000000e+00, -4.547377629594325e-01, 0.000000000000000e+00, 0.000000000000000e+00, 8.336402571726827e-07, -4.841820256997946e-04, 1.896214235670670e-04, -0.000000000000000e+00, 0.000000000000000e+00
60, 4.730085857651005e-01, 4.251120358151130e-02, 7.098391867348925e-04, 0.000000000000000e+00, 0.000000000000000e+00, 5.136379203205733e+03, 2.054551681282293e+03, 1.686226156113793e+03, 0.000000000000000e+00, -4.623543860464888e-01, 0.000000000000000e+00, 0.000000000000000e+00, 8.337128711364621e-07, -7.014687792870775e-04, 2.819183413281201e-04, -0.000000000000000e+00, 0.000000000000000e+00
61, 4.741924097700473e-01, 4.202934077163985e-02, 7.097818062901008e-04, 0.000000000000000e+00, 0.000000000000000e+00, 5.137657729619434e+03, 2.055063091847773e+03, 1.686782237056398e+03, 0.000000000000000e+00, -4.585184274880959e-01, 0.000000000000000e+00, 0.000000000000000e+00, 8.338793118121548e-07, -1.003810613591093e-03, 4.136199611322797e-04, -0.000000000000000e+00, 0.000000000000000e+00
62, 4.753582301955655e-01, 4.154303306722795e-02, 7.094733243815792e-04, 0.000000000000000e+00, 0.000000000000000e+00, 5.136852736556832e+03, 2.054741094622732e+03, 1.687251248769494e+03, 0.000000000000000e+00, -4.609336455038096e-01, 0.000000000000000e+00, 0.000000000000000e+00, 8.340196683087096e-07, -1.282349304854399e-03, 5.412643360337587e-04, -0.000000000000000e+00, 0.000000000000000e+00
63, 4.765049848253149e-01, 4.105323044266852e-02, 7.098662195606884e-04, 0.000000000000000e+00, 0.000000000000000e+00, 5.141672882626089e+03, 2.056669153050435e+03, 1.687899742154110e+03, 0.000000000000000e+00, -4.464717772397352e-01, 0.000000000000000e+00, 0.000000000000000e+00, 8.342137011448498e-07, -1.296036957728038e-03, 5.598999908216406e-04, -0.000000000000000e+00, 0.000000000000000e+00
64, 4.776316415570301e-01, 4.056089826557133e-02, 7.098766402857370e-04, 0.000000000000000e+00, 0.000000000000000e+00, 5.141240049926836e+03, 2.056496019970734e+03, 1.687732876907635e+03, 0.000000000000000e+00, -4.477704037516814e-01, 0.000000000000000e+00, 0.000000000000000e+00, 8.341637780535595e-07, -1.045076401648631e-03, 4.617254123152423e-04, -0.000000000000000e+00, 0.000000000000000e+00
65, 4.787371989351064e-01, 4.006701548403634e-02, 7.098015886761854e-04, 0.000000000000000e+00, 0.000000000000000e+00, 5.140248091304900e+03, 2.056099236521959e+03, 1.687585662937424e+03, 0.000000000000000e+00, -4.507465739149347e-01, 0.000000000000000e+00, 0.000000000000000e+00, 8.341197320164862e-07, -1.030777932097112e-03, 4.653828777204816e-04, -0.000000000000000e+00, 0.000000000000000e+00
66, 4.798206866374378e-01, 3.957257278123803e-02, 7.100226263210318e-04, 0.000000000000000e+00, 0.000000000000000e+00, 5.142611502356318e+03, 2.057044600942526e+03, 1.687835985157163e+03, 0.000000000000000e+00, -4.436556395763600e-01, 0.000000000000000e+00, 0.000000000000000e+00, 8.341946265146296e-07, -1.069868966068667e-03, 4.932475267442317e-04, -0.000000000000000e+00, 0.000000000000000e+00
67, 4.808811659156643e-01, 3.907857068928038e-02, 7.101268809222606e-04, 0.000000000000000e+00, 0.000000000000000e+00, 5.143915264937295e+03, 2.057566105974918e+03, 1.688016031768683e+03, 0.000000000000000e+00, -4.397439650289870e-01, 0.000000000000000e+00, 0.000000000000000e+00, 8.342484913074247e-07, -8.458109117898111e-04, 3.979121801381601e-04, -0.000000000000000e+00, 0.000000000000000e+00
68, 4.819177299871449e-01, 3.858601765467857e-02, 7.101004894435608e-04, 0.000000000000000e+00, 0.000000000000000e+00, 5.143841123295651e+03, 2.057536449318260e+03, 1.688054437232635e+03, 0.000000000000000e+00, -4.399664119505011e-01, 0.000000000000000e+00, 0.000000000000000e+00, 8.342599807138105e-07, -6.765476925750389e-04, 3.245579888476621e-04, -0.000000000000000e+00, 0.000000000000000e+00
69, 4.829295043762601e-01, 3.809592804849337e-02, 7.099119449982810e-04, 0.000000000000000e+00, 0.000000000000000e+00, 5.142514786887584e+03, 2.057005914755033e+03, 1.688067385625827e+03, 0.000000000000000e+00, -4.439458146764119e-01, 0.000000000000000e+00, 0.000000000000000e+00, 8.342638543320595e-07, -7.162054998966367e-04, 3.501226899556615e-04, -0.000000000000000e+00, 0.000000000000000e+00
70, 4.839156472021011e-01, 3.760932011506157e-02, 7.100709788733091e-04, 0.000000000000000e+00, 0.000000000000000e+00, 5.144466299641346e+03, 2.057786519856538e+03, 1.688329765483109e+03, 0.000000000000000e+00, -4.380906974341044e-01, 0.000000000000000e+00, 0.000000000000000e+00, 8.343423439003197e-07, -7.806063847475250e-04, 3.886149575543499e-04, -0.000000000000000e+00, 0.000000000000000e+00
71, 4.848753494092374e-01, 3.712721385440892e-02, 7.101286876326821e-04, 0.000000000000000e+00, 0.000000000000000e+00, 5.144967325195351e+03, 2.057986930078140e+03, 1.688356978040799e+03, 0.000000000000000e+00, -4.365874721262282e-01, 0.000000000000000e+00, 0.000000000000000e+00, 8.343504840110374e-07, -6.484353133682184e-04, 3.285346738811648e-04, -0.000000000000000e+00, 0.000000000000000e+00
72, 4.858078349380777e-01, 3.665062883476730e-02, 7.102587851339702e-04, 0.000000000000000e+00, 0.000000000000000e+00, 5.145563596828665e+03, 2.058225438731466e+03, 1.688243357982369e+03, 0.000000000000000e+00, -4.347984803225190e-01, 0.000000000000000e+00, 0.000000000000000e+00, 8.343164962877439e-07, -4.192441749192936e-04, 2.160410730246063e-04, -0.000000000000000e+00, 0.000000000000000e+00
73, 4.867123608313653e-01, 3.618058193311547e-02, 7.103817093933659e-04, 0.000000000000000e+00, 0.000000000000000e+00, 5.145385428208576e+03, 2.058154171283430e+03, 1.687892778354123e+03, 0.000000000000000e+00, -4.353330390424230e-01, 0.000000000000000e+00, 0.000000000000000e+00, 8.342116177550074e-07, -1.436522081967325e-04, 7.524337776264343e-05, -0.000000000000000e+00, 0.000000000000000e+00
74, 4.875882172735848e-01, 3.571808500328619e-02, 7.105935245759739e-04, 0.000000000000000e+00, 0.000000000000000e+00, 5.145201415433179e+03, 2.058080566173271e+03, 1.687329302218420e+03, 0.000000000000000e+00, -4.358851319621084e-01, 0.000000000000000e+00, 0.000000000000000e+00, 8.340430245082322e-07, 1.288688027705390e-04, -6.856870494173431e-05, -0.000000000000000e+00, 0.000000000000000e+00
75, 4.884347275604792e-01, 3.526414247289667e-02, 7.108434427574595e-04, 0.000000000000000e+00, 0.000000000000000e+00, 5.144296036853125e+03, 2.057718414741249e+03, 1.686439263786826e+03, 0.000000000000000e+00, -4.386015363128732e-01, 0.000000000000000e+00, 0.000000000000000e+00, 8.337766599976249e-07, 3.569608775450310e-04, -1.928231687438391e-04, -0.000000000000000e+00, 0.000000000000000e+00
76, 4.892512479964899e-01, 3.481974887212722e-02, 7.111701442336861e-04, 0.000000000000000e+00, 0.000000000000000e+00, 5.143280875873081e+03, 2.057312350349232e+03, 1.685331893190052e+03, 0.000000000000000e+00, -4.416473204342026e-01, 0.000000000000000e+00, 0.000000000000000e+00, 8.334451457949580e-07, 4.868474932365381e-04, -2.668285704177210e-04, -0.000000000000000e+00, 0.000000000000000e+00
77, 4.900371677187192e-01, 3.438588629916013e-02, 7.114555882567463e-04, 0.000000000000000e+00, 0.000000000000000e+00, 5.142154590014652e+03, 2.056861836005860e+03, 1.684286809732148e+03, 0.000000000000000e+00, -4.450265121595647e-01, 0.000000000000000e+00, 0.000000000000000e+00, 8.331321685565272e-07, 5.425840640698909e-04, -3.015428537592897e-04, -0.000000000000000e+00, 0.000000000000000e+00
78, 4.907919084469403e-01, 3.396352182885930e-02, 7.115557946545052e-04, 0.000000000000000e+00, 0.000000000000000e+00, 5.141145356575650e+03, 2.056458142630259e+03, 1.683719093594852e+03, 0.000000000000000e+00, -4.480545118991658e-01, 0.000000000000000e+00, 0.000000000000000e+00, 8.329621064934489e-07, 5.253118852817520e-04, -2.958588525019694e-04, -0.000000000000000e+00, 0.000000000000000e+00
79, 4.915149241602404e-01, 3.355360487299108e-02, 7.114678426184693e-04, 0.000000000000000e+00, 0.000000000000000e+00, 5.140374075370208e+03, 2.056149630148082e+03, 1.683674610932819e+03, 0.000000000000000e+00, -4.503685843416584e-01, 0.000000000000000e+00, 0.000000000000000e+00, 8.329487801678034e-07, 4.510400706911176e-04, -2.572828988437368e-04, -0.000000000000000e+00, 0.000000000000000e+00
80, 4.922057007020230e-01, 3.315706450192347e-02, 7.110844400009225e-04, 0.000000000000000e+00, 0.000000000000000e+00, 5.139656900547493e+03, 2.055862760218997e+03, 1.684347385261856e+03, 0.000000000000000e+00, -4.525203215835133e-01, 0.000000000000000e+00, 0.000000000000000e+00, 8.331503123811455e-07, 3.090391811260781e-04, -1.784353337518519e-04, -0.000000000000000e+00, 0.000000000000000e+00
81, 4.928637553163109e-01, 3.277480673926785e-02, 7.103110652111089e-04, 0.000000000000000e+00, 0.000000000000000e+00, 5.139397731821502e+03, 2.055759092728601e+03, 1.686096248289790e+03, 0.000000000000000e+00, -4.532979046524886e-01, 0.000000000000000e+00, 0.000000000000000e+00, 8.336739840523121e-07, 1.277294900014898e-04, -7.460580769441776e-05, -0.000000000000000e+00, 0.000000000000000e+00
82, 4.934886361195267e-01, 3.240771184231823e-02, 7.092210971901939e-04, 0.000000000000000e+00, 0.000000000000000e+00, 5.139217766730988e+03, 2.055687106692395e+03, 1.688628396682822e+03, 0.000000000000000e+00, -4.538378533166502e-01, 0.000000000000000e+00, 0.000000000000000e+00, 8.344316697009881e-07, -5.089288911599157e-05, 3.005346532423913e-05, -0.000000000000000e+00, 0.000000000000000e+00
83, 4.940799215131655e-01, 3.205663158237354e-02, 7.081622983007802e-04, 0.000000000000000e+00, 0.000000000000000e+00, 5.138774513515053e+03, 2.055509805406021e+03, 1.691007265117634e+03, 0.000000000000000e+00, -4.551677444702296e-01, 0.000000000000000e+00, 0.000000000000000e+00, 8.351429204918770e-07, -2.235595396431216e-04, 1.333912764312879e-04, -0.000000000000000e+00, 0.000000000000000e+00
84, 4.946372195439653e-01, 3.172238654008221e-02, 7.074752974995314e-04, 0.000000000000000e+00, 0.000000000000000e+00, 5.138386300309503e+03, 2.055354520123801e+03, 1.692521461576104e+03, 0.000000000000000e+00, -4.563324992632116e-01, 0.000000000000000e+00, 0.000000000000000e+00, 8.355953588167968e-07, -4.493108961612180e-04, 2.707181804569441e-04, -0.000000000000000e+00, 0.000000000000000e+00
85, 4.951601672193107e-01, 3.140576343180649e-02, 7.071174170840287e-04, 0.000000000000000e+00, 0.000000000000000e+00, 5.138207339710677e+03, 2.055282935884271e+03, 1.693319089270500e+03, 0.000000000000000e+00, -4.568694341542892e-01, 0.000000000000000e+00, 0.000000000000000e+00, 8.358335985134650e-07, -7.142197544902843e-04, 4.342867379074516e-04, -0.000000000000000e+00, 0.000000000000000e+00
86, 4.956484297866245e-01, 3.110751248365612e-02, 7.069088615527193e-04, 0.000000000000000e+00, 0.000000000000000e+00, 5.137917667910028e+03, 2.055167067164011e+03, 1.693723169328108e+03, 0.000000000000000e+00, -4.577385354969895e-01, 0.000000000000000e+00, 0.000000000000000e+00, 8.359542677331093e-07, -1.038709614129362e-03, 6.370146979528599e-04, -0.000000000000000e+00, 0.000000000000000e+00
87, 4.961016999863948e-01, 3.082834487027761e-02, 7.068037459869417e-04, 0.000000000000000e+00, 0.000000000000000e+00, 5.138022243020525e+03, 2.055208897208209e+03, 1.694009537636614e+03, 0.000000000000000e+00, -4.574247791398246e-01, 0.000000000000000e+00, 0.000000000000000e+00, 8.360397754526815e-07, -1.401478272945446e-03, 8.663370508479822e-04, -0.000000000000000e+00, 0.000000000000000e+00
88, 4.965196972892246e-01, 3.056893023570173e-02, 7.067855306444489e-04, 0.000000000000000e+00, 0.000000000000000e+00, 5.138539444053498e+03, 2.055415777621399e+03, 1.694223721746183e+03, 0.000000000000000e+00, -4.558730225960522e-01, 0.000000000000000e+00, 0.000000000000000e+00, 8.361037242388595e-07, -1.752222946369231e-03, 1.091108501411293e-03, -0.000000000000000e+00, 0.000000000000000e+00
89, 4.969021671278468e-01, 3.032989431354427e-02, 7.068325089563363e-04, 0.000000000000000e+00, 0.000000000000000e+00, 5.139309510766089e+03, 2.055723804306435e+03, 1.694364999512217e+03, 0.000000000000000e+00, -4.535625939924314e-01, 0.000000000000000e+00, 0.000000000000000e+00, 8.361459029985073e-07, -2.040450885446529e-03, 1.279127447604385e-03, -0.000000000000000e+00, 0.000000000000000e+00
90, 4.972488801354178e-01, 3.011181666362769e-02, 7.069396072245017e-04, 0.000000000000000e+00, 0.000000000000000e+00, 5.140360248419639e+03, 2.056144099367855e+03, 1.694454672966331e+03, 0.000000000000000e+00, -4.504100692955898e-01, 0.000000000000000e+00, 0.000000000000000e+00, 8.361726741834848e-07, -2.252158697512090e-03, 1.420446953670413e-03, -0.000000000000000e+00, 0.000000000000000e+00
91, 4.975596314015597e-01, 2.991522854164537e-02, 7.070940794739819e-04, 0.000000000000000e+00, 0.000000000000000e+00, 5.141596606570239e+03, 2.056638642628095e+03, 1.694491962032711e+03, 0.000000000000000e+00, -4.467006280371107e-01, 0.000000000000000e+00, 0.000000000000000e+00, 8.361838062617744e-07, -2.361854303433213e-03, 1.497769670106651e-03, -0.000000000000000e+00, 0.000000000000000e+00
92, 4.978342397575681e-01, 2.974061091783411e-02, 7.072702097924296e-04, 0.000000000000000e+00, 0.000000000000000e+00, 5.142841408384508e+03, 2.057136563353803e+03, 1.694480126884541e+03, 0.000000000000000e+00, -4.429658532825319e-01, 0.000000000000000e+00, 0.000000000000000e+00, 8.361802730745906e-07, -2.349540746583367e-03, 1.497154837272844e-03, -0.000000000000000e+00, 0.000000000000000e+00
93, 4.980725471019311e-01, 2.958839265976468e-02, 7.074599110569067e-04, 0.000000000000000e+00, 0.000000000000000e+00, 5.143960835006740e+03, 2.057584334002696e+03, 1.694394495311155e+03, 0.000000000000000e+00, -4.396072413007775e-01, 0.000000000000000e+00, 0.000000000000000e+00, 8.361547087840549e-07, -2.189521313327881e-03, 1.401035442176578e-03, -0.000000000000000e+00, 0.000000000000000e+00
94, 4.982744177768206e-01, 2.945894889331489e-02, 7.076593407102127e-04, 0.000000000000000e+00, 0.000000000000000e+00, 5.144798275959770e+03, 2.057919310383907e+03, 1.694192759048520e+03, 0.000000000000000e+00, -4.370946699870394e-01, 0.000000000000000e+00, 0.000000000000000e+00, 8.360944800049474e-07, -1.843907563556277e-03, 1.184072605469919e-03, -0.000000000000000e+00, 0.000000000000000e+00
95, 4.984397380055205e-01, 2.935259955467031e-02, 7.079436654560670e-04, 0.000000000000000e+00, 0.000000000000000e+00, 5.145682072128404e+03, 2.058272828851361e+03, 1.693803255397357e+03, 0.000000000000000e+00, -4.344430192736718e-01, 0.000000000000000e+00, 0.000000000000000e+00, 8.359781817153087e-07, -1.315366132849666e-03, 8.471238833576071e-04, -0.000000000000000e+00, 0.000000000000000e+00
96, 4.985684153998728e-01, 2.926960814482049e-02, 7.084241533869487e-04, 0.000000000000000e+00, 0.000000000000000e+00, 5.146723257242932e+03, 2.058689302897173e+03, 1.692996929400871e+03, 0.000000000000000e+00, -4.313191550279685e-01, 0.000000000000000e+00, 0.000000000000000e+00, 8.357373815205248e-07, -6.120953409813377e-04, 3.950947521386261e-04, -0.000000000000000e+00, 0.000000000000000e+00
97, 4.986603785457506e-01, 2.921018069650006e-02, 7.092053042496638e-04, 0.000000000000000e+00, 0.000000000000000e+00, 5.147385108207665e+03, 2.058954043283065e+03, 1.691349659658424e+03, 0.000000000000000e+00, -4.293334057737192e-01, 0.000000000000000e+00, 0.000000000000000e+00, 8.352452466735200e-07, 4.066440469557536e-04, -2.629048256810197e-04, -0.000000000000000e+00, 0.000000000000000e+00
98, 4.987155766733447e-01, 2.917446496188502e-02, 7.106449136356813e-04, 0.000000000000000e+00, 0.000000000000000e+00, 5.148553980807031e+03, 2.059421592322812e+03, 1.688306654484349e+03, 0.000000000000000e+00, -4.258264411907743e-01, 0.000000000000000e+00, 0.000000000000000e+00, 8.343354306349861e-07, 2.320916517665765e-03, -1.501983161945413e-03, -0.000000000000000e+00, 0.000000000000000e+00
99, 4.987339794176840e-01, 2.916254982761404e-02, 7.111482278941714e-04, 0.000000000000000e+00, 0.000000000000000e+00, 5.143092292375957e+03, 2.057236916950382e+03, 1.685322035888682e+03, 0.000000000000000e+00, -4.422131268751255e-01, 0.000000000000000e+00, 0.000000000000000e+00, 8.334421942704802e-07, -3.692364327199026e-03, -7.945281341497600e-03, -0.000000000000000e+00, 0.000000000000000e+00
100, 4.987130071074008e-01, 2.916893573385119e-02, 7.123691304662870e-04, 0.000000000000000e+00, 0.000000000000000e+00, 5.151024338356731e+03, 2.060409735342692e+03, 1.685028395908151e+03, 0.000000000000000e+00, -4.184146356281214e-01, 0.000000000000000e+00, 0.000000000000000e+00, 8.333542667019001e-07, 2.111336789735641e-02, -6.426598567163258e-03, -0.000000000000000e+00, 0.000000000000000e+00
101, 4.986501148308383e-01, 2.918807697403042e-02, 7.128165454207015e-04, 0.000000000000000e+00, 0.000000000000000e+00, 5.154781495717947e+03, 2.061912598287179e+03, 1.685199039175079e+03, 0.000000000000000e+00, -4.071420488590494e-01, 0.000000000000000e+00, 0.000000000000000e+00, 8.334053651554497e-07, 1.920936979797832e-02, -5.842938416856740e-03, -0.000000000000000e+00, 0.000000000000000e+00
102, 4.985453764868399e-01, 2.921992415268104e-02, 7.132118917121316e-04, 0.000000000000000e+00, 0.000000000000000e+00, 5.157934375072150e+03, 2.063173750028860e+03, 1.685295069433460e+03, 0.000000000000000e+00, -3.976824753901481e-01, 0.000000000000000e+00, 0.000000000000000e+00, 8.334341197855645e-07, 1.776472362018723e-02, -5.397177897404667e-03, -0.000000000000000e+00, 0.000000000000000e+00
103, 4.983989150274915e-01, 2.926439507812492e-02, 7.137074723908060e-04, 0.000000000000000e+00, 0.000000000000000e+00, 5.161537298094971e+03, 2.064614919237988e+03, 1.685301238313198e+03, 0.000000000000000e+00, -3.868726373949992e-01, 0.000000000000000e+00, 0.000000000000000e+00, 8.334359669210197e-07, 1.673605252948841e-02, -5.076282072559114e-03, -0.000000000000000e+00, 0.000000000000000e+00
104, 4.982109021417280e-01, 2.932137496486217e-02, 7.142978906291297e-04, 0.000000000000000e+00, 0.000000000000000e+00, 5.165895125504824e+03, 2.066358050201929e+03, 1.685329921048352e+03, 0.000000000000000e+00, -3.737978622713136e-01, 0.000000000000000e+00, 0.000000000000000e+00, 8.334445552867864e-07, 1.592294255592581e-02, -4.819402153138704e-03, -0.000000000000000e+00, 0.000000000000000e+00
105, 4.979815578174929e-01, 2.939071671933103e-02, 7.149524026516644e-04, 0.000000000000000e+00, 0.000000000000000e+00, 5.170789926577250e+03, 2.068315970630900e+03, 1.685382490792101e+03, 0.000000000000000e+00, -3.591120068488540e-01, 0.000000000000000e+00, 0.000000000000000e+00, 8.334602958427505e-07, 1.518820637702433e-02, -4.585049348229462e-03, -0.000000000000000e+00, 0.000000000000000e+00
106, 4.977111497874329e-01, 2.947224131138504e-02, 7.156425241126093e-04, 0.000000000000000e+00, 0.000000000000000e+00, 5.175965913303282e+03, 2.070386365321312e+03, 1.685442661425188e+03, 0.000000000000000e+00, -3.435825110425201e-01, 0.000000000000000e+00, 0.000000000000000e+00, 8.334783119431948e-07, 1.449503329702274e-02, -4.362268865782194e-03, -0.000000000000000e+00, 0.000000000000000e+00
107, 4.973999928643513e-01, 2.956573823439308e-02, 7.163502178582897e-04, 0.000000000000000e+00, 0.000000000000000e+00, 5.181272717021359e+03, 2.072509086808544e+03, 1.685503925909696e+03, 0.000000000000000e+00, -3.276605254488469e-01, 0.000000000000000e+00, 0.000000000000000e+00, 8.334966551974857e-07, 1.384115057006207e-02, -4.150554448766676e-03, -0.000000000000000e+00, 0.000000000000000e+00
108, 4.970484481737471e-01, 2.967096605734927e-02, 7.170657478455638e-04, 0.000000000000000e+00, 0.000000000000000e+00, 5.186635143849880e+03, 2.074654057539951e+03, 1.685564725792015e+03, 0.000000000000000e+00, -3.115716540214067e-01, 0.000000000000000e+00, 0.000000000000000e+00, 8.335148589820442e-07, 1.322788880775751e-02, -3.950452238241990e-03, -0.000000000000000e+00, 0.000000000000000e+00
109, 4.966569222917247e-01, 2.978765307276721e-02, 7.177827373605426e-04, 0.000000000000000e+00, 0.000000000000000e+00, 5.192007240943143e+03, 2.076802896377257e+03, 1.685625116458659e+03, 0.000000000000000e+00, -2.954537689307288e-01, 0.000000000000000e+00, 0.000000000000000e+00, 8.335329398876789e-07, 1.265272130068574e-02, -3.761321723851103e-03, -0.000000000000000e+00, 0.000000000000000e+00
110, 4.962258662973371e-01, 2.991549804441036e-02, 7.184937316059572e-04, 0.000000000000000e+00, 0.000000000000000e+00, 5.197329651277492e+03, 2.078931860510997e+03, 1.685683337101152e+03, 0.000000000000000e+00, -2.794849588580190e-01, 0.000000000000000e+00, 0.000000000000000e+00, 8.335503707527176e-07, 1.211475957811588e-02, -3.582988549815144e-03, -0.000000000000000e+00, 0.000000000000000e+00
111, 4.957557747490138e-01, 3.005417105906386e-02, 7.191947722322485e-04, 0.000000000000000e+00, 0.000000000000000e+00, 5.202574249022739e+03, 2.081029699609095e+03, 1.685739560350774e+03, 0.000000000000000e+00, -2.637496096383055e-01, 0.000000000000000e+00, 0.000000000000000e+00, 8.335672032974216e-07, 1.161523483525064e-02, -3.415876231835469e-03, -0.000000000000000e+00, 0.000000000000000e+00
112, 4.952471845951143e-01, 3.020331448657212e-02, 7.198837874238693e-04, 0.000000000000000e+00, 0.000000000000000e+00, 5.207726280901667e+03, 2.083090512360666e+03, 1.685793870280498e+03, 0.000000000000000e+00, -2.482919854802842e-01, 0.000000000000000e+00, 0.000000000000000e+00, 8.335834627244672e-07, 1.115234000719890e-02, -3.259480733112501e-03, -0.000000000000000e+00, 0.000000000000000e+00
113, 4.947006740288282e-01, 3.036254405223999e-02, 7.205601314280846e-04, 0.000000000000000e+00, 0.000000000000000e+00, 5.212782200934892e+03, 2.085112880373956e+03, 1.685846639130450e+03, 0.000000000000000e+00, -2.331227253741407e-01, 0.000000000000000e+00, 0.000000000000000e+00, 8.335992605035100e-07, 1.072017876475360e-02, -3.112093365887525e-03, -0.000000000000000e+00, 0.000000000000000e+00
114, 4.941168612976110e-01, 3.053145002541538e-02, 7.212188534910218e-04, 0.000000000000000e+00, 0.000000000000000e+00, 5.217699002286654e+03, 2.087079600914661e+03, 1.685895550761174e+03, 0.000000000000000e+00, -2.183708625865581e-01, 0.000000000000000e+00, 0.000000000000000e+00, 8.336139032768730e-07, 1.031693724860095e-02, -2.973201694069792e-03, -0.000000000000000e+00, 0.000000000000000e+00
115, 4.934964034771172e-01, 3.070959852763201e-02, 7.218600586338376e-04, 0.000000000000000e+00, 0.000000000000000e+00, 5.222485309473570e+03, 2.088994123789427e+03, 1.685943158232290e+03, 0.000000000000000e+00, -2.040105210089414e-01, 0.000000000000000e+00, 0.000000000000000e+00, 8.336281553968177e-07, 9.941749186239912e-03, -2.842555738422296e-03, -0.000000000000000e+00, 0.000000000000000e+00
116, 4.928399952191495e-01, 3.089653296308906e-02, 7.224820369924030e-04, 0.000000000000000e+00, 0.000000000000000e+00, 5.227129834586138e+03, 2.090851933834454e+03, 1.685989817760541e+03, 0.000000000000000e+00, -1.900755677187241e-01, 0.000000000000000e+00, 0.000000000000000e+00, 8.336421235187531e-07, 9.592069294415263e-03, -2.719414556601377e-03, -0.000000000000000e+00, 0.000000000000000e+00
117, 4.921483674825336e-01, 3.109177557347837e-02, 7.230839269834328e-04, 0.000000000000000e+00, 0.000000000000000e+00, 5.231624592973847e+03, 2.092649837189538e+03, 1.686034971219277e+03, 0.000000000000000e+00, -1.765899590363527e-01, 0.000000000000000e+00, 0.000000000000000e+00, 8.336556405771103e-07, 9.266983455015114e-03, -2.603499006802666e-03, -0.000000000000000e+00, 0.000000000000000e+00
118, 4.914222862550372e-01, 3.129482911824234e-02, 7.236668570904372e-04, 0.000000000000000e+00, 0.000000000000000e+00, 5.235980067231601e+03, 2.094392026892640e+03, 1.686079372445018e+03, 0.000000000000000e+00, -1.635222440671054e-01, 0.000000000000000e+00, 0.000000000000000e+00, 8.336689322540742e-07, 8.964144129305157e-03, -2.494120746720242e-03, -0.000000000000000e+00, 0.000000000000000e+00
119, 4.906625512735263e-01, 3.150517868026059e-02, 7.242301493507182e-04, 0.000000000000000e+00, 0.000000000000000e+00, 5.240188448393526e+03, 2.096075379357410e+03, 1.686122092475328e+03, 0.000000000000000e+00, -1.508958520253947e-01, 0.000000000000000e+00, 0.000000000000000e+00, 8.336817204769157e-07, 8.680619094244536e-03, -2.390437807426925e-03, -0.000000000000000e+00, 0.000000000000000e+00
120, 4.898699947484946e-01, 3.172229359572960e-02, 7.247732844801849e-04, 0.000000000000000e+00, 0.000000000000000e+00, 5.244244212640334e+03, 2.097697685056133e+03, 1.686162570748009e+03, 0.000000000000000e+00, -1.387273560079073e-01, 0.000000000000000e+00, 0.000000000000000e+00, 8.336938374660422e-07, 8.415238207632207e-03, -2.292106043460940e-03, -0.000000000000000e+00, 0.000000000000000e+00
121, 4.890454800979677e-01, 3.194562950562672e-02, 7.252964403539194e-04, 0.000000000000000e+00, 0.000000000000000e+00, 5.248148464025136e+03, 2.099259385610054e+03, 1.686200756868458e+03, 0.000000000000000e+00, -1.270134435277582e-01, 0.000000000000000e+00, 0.000000000000000e+00, 8.337052681629477e-07, 8.167755271455241e-03, -2.199030064465999e-03, -0.000000000000000e+00, 0.000000000000000e+00
122, 4.881899006945733e-01, 3.217463052465490e-02, 7.258013614594584e-04, 0.000000000000000e+00, 0.000000000000000e+00, 5.251916084705929e+03, 2.100766433882371e+03, 1.686237384248958e+03, 0.000000000000000e+00, -1.157094636956677e-01, 0.000000000000000e+00, 0.000000000000000e+00, 8.337162321301804e-07, 7.935936086783254e-03, -2.110575375606206e-03, -0.000000000000000e+00, 0.000000000000000e+00
123, 4.873041786283460e-01, 3.240873152196116e-02, 7.262865954666368e-04, 0.000000000000000e+00, 0.000000000000000e+00, 5.255531580329568e+03, 2.102212632131827e+03, 1.686270859417785e+03, 0.000000000000000e+00, -1.048619041679843e-01, 0.000000000000000e+00, 0.000000000000000e+00, 8.337262524060079e-07, 7.719074991680707e-03, -2.026526033389411e-03, -0.000000000000000e+00, 0.000000000000000e+00
124, 4.863892634866076e-01, 3.264736050623492e-02, 7.267545812862015e-04, 0.000000000000000e+00, 0.000000000000000e+00, 5.259016671297032e+03, 2.103606668518813e+03, 1.686302497004284e+03, 0.000000000000000e+00, -9.440559729769679e-02, 0.000000000000000e+00, 0.000000000000000e+00, 8.337357225292632e-07, 7.515080892363476e-03, -1.946305998533901e-03, -0.000000000000000e+00, 0.000000000000000e+00
125, 4.854461311510840e-01, 3.288994110604302e-02, 7.272020485063102e-04, 0.000000000000000e+00, 0.000000000000000e+00, 5.262339891186349e+03, 2.104935956474539e+03, 1.686329803178330e+03, 0.000000000000000e+00, -8.443495168628239e-02, 0.000000000000000e+00, 0.000000000000000e+00, 8.337438960461197e-07, 7.325275928978101e-03, -1.870230844168484e-03, -0.000000000000000e+00, 0.000000000000000e+00
126, 4.844757826113095e-01, 3.313589513447363e-02, 7.276339148558444e-04, 0.000000000000000e+00, 0.000000000000000e+00, 5.265551028951062e+03, 2.106220411580424e+03, 1.686357336514129e+03, 0.000000000000000e+00, -7.480058570155390e-02, 0.000000000000000e+00, 0.000000000000000e+00, 8.337521374852190e-07, 7.147967095567470e-03, -1.797828916591629e-03, -0.000000000000000e+00, 0.000000000000000e+00
127, 4.834792427923669e-01, 3.338464522537252e-02, 7.280470652810118e-04, 0.000000000000000e+00, 0.000000000000000e+00, 5.268621239535082e+03, 2.107448495814032e+03, 1.686383081077080e+03, 0.000000000000000e+00, -6.558904306963188e-02, 0.000000000000000e+00, 0.000000000000000e+00, 8.337598434313739e-07, 6.980650544809733e-03, -1.728444782428314e-03, -0.000000000000000e+00, 0.000000000000000e+00
128, 4.824575593941436e-01, 3.363561752669104e-02, 7.284417738662721e-04, 0.000000000000000e+00, 0.000000000000000e+00, 5.271553406058510e+03, 2.108621362423403e+03, 1.686407329696013e+03, 0.000000000000000e+00, -5.679167357484095e-02, 0.000000000000000e+00, 0.000000000000000e+00, 8.337671015475000e-07, 6.824708735047549e-03, -1.662401893862558e-03, -0.000000000000000e+00, 0.000000000000000e+00
129, 4.814118017385720e-01, 3.388824443476118e-02, 7.288203900101778e-04, 0.000000000000000e+00, 0.000000000000000e+00, 5.274369272167013e+03, 2.109747708866805e+03, 1.686431602661220e+03, 0.000000000000000e+00, -4.834323982919878e-02, 0.000000000000000e+00, 0.000000000000000e+00, 8.337743668934495e-07, 6.678586564339103e-03, -1.599291322140876e-03, -0.000000000000000e+00, 0.000000000000000e+00
130, 4.803430596207952e-01, 3.414196735170370e-02, 7.291815487350093e-04, 0.000000000000000e+00, 0.000000000000000e+00, 5.277054024318356e+03, 2.110821609727342e+03, 1.686454324321868e+03, 0.000000000000000e+00, -4.028818685434701e-02, 0.000000000000000e+00, 0.000000000000000e+00, 8.337811678531961e-07, 6.540907580118592e-03, -1.538765686358135e-03, -0.000000000000000e+00, 0.000000000000000e+00
131, 4.792524421598700e-01, 3.439623944669422e-02, 7.295238753858759e-04, 0.000000000000000e+00, 0.000000000000000e+00, 5.279594178630266e+03, 2.111837671452106e+03, 1.686474369277806e+03, 0.000000000000000e+00, -3.266697029753766e-02, 0.000000000000000e+00, 0.000000000000000e+00, 8.337871675901551e-07, 6.415094456531580e-03, -1.481604172254163e-03, -0.000000000000000e+00, 0.000000000000000e+00
132, 4.781410766444918e-01, 3.465052840049730e-02, 7.298535236689256e-04, 0.000000000000000e+00, 0.000000000000000e+00, 5.282048429789379e+03, 2.112819371915751e+03, 1.686496263843103e+03, 0.000000000000000e+00, -2.530348868514273e-02, 0.000000000000000e+00, 0.000000000000000e+00, 8.337937208963390e-07, 6.298545476527292e-03, -1.427156590691901e-03, -0.000000000000000e+00, 0.000000000000000e+00
133, 4.770101073693209e-01, 3.490431911156223e-02, 7.301660952274016e-04, 0.000000000000000e+00, 0.000000000000000e+00, 5.284371137791336e+03, 2.113748455116534e+03, 1.686515599790077e+03, 0.000000000000000e+00, -1.833467557085921e-02, 0.000000000000000e+00, 0.000000000000000e+00, 8.337995083384148e-07, 6.189847046506896e-03, -1.375077338422285e-03, -0.000000000000000e+00, 0.000000000000000e+00
134, 4.758606944577865e-01, 3.515711634109107e-02, 7.304642296999291e-04, 0.000000000000000e+00, 0.000000000000000e+00, 5.286587976886494e+03, 2.114635190754597e+03, 1.686534477863832e+03, 0.000000000000000e+00, -1.168350058649619e-02, 0.000000000000000e+00, 0.000000000000000e+00, 8.338051586992313e-07, 6.089738649493020e-03, -1.325510892205845e-03, -0.000000000000000e+00, 0.000000000000000e+00
135, 4.746940126677568e-01, 3.540844727386998e-02, 7.307472453726942e-04, 0.000000000000000e+00, 0.000000000000000e+00, 5.288691014574433e+03, 2.115476405829773e+03, 1.686551943471256e+03, 0.000000000000000e+00, -5.373763586755563e-03, 0.000000000000000e+00, 0.000000000000000e+00, 8.338103862664039e-07, 5.998308277047029e-03, -1.278446430889288e-03, -0.000000000000000e+00, 0.000000000000000e+00
136, 4.735112501771525e-01, 3.565786397132599e-02, 7.310169099751641e-04, 0.000000000000000e+00, 0.000000000000000e+00, 5.290696409784749e+03, 2.116278563913899e+03, 1.686569072060092e+03, 0.000000000000000e+00, 6.430170112314621e-04, 0.000000000000000e+00, 0.000000000000000e+00, 8.338155129328365e-07, 5.915261306986113e-03, -1.233788995568493e-03, -0.000000000000000e+00, 0.000000000000000e+00
137, 4.723136073474509e-01, 3.590494569325808e-02, 7.312727073889177e-04, 0.000000000000000e+00, 0.000000000000000e+00, 5.292597525987592e+03, 2.117039010395036e+03, 1.686584940447643e+03, 0.000000000000000e+00, 6.346929648976670e-03, 0.000000000000000e+00, 0.000000000000000e+00, 8.338202623895844e-07, 5.840788535216128e-03, -1.191545912818183e-03, -0.000000000000000e+00, 0.000000000000000e+00
138, 4.711022954640360e-01, 3.614930106501144e-02, 7.315159486884612e-04, 0.000000000000000e+00, 0.000000000000000e+00, 5.294405788191875e+03, 2.117762315276750e+03, 1.686600167597230e+03, 0.000000000000000e+00, 1.177225274282087e-02, 0.000000000000000e+00, 0.000000000000000e+00, 8.338248198987336e-07, 5.775731329128553e-03, -1.151849323058254e-03, -0.000000000000000e+00, 0.000000000000000e+00
139, 4.698785354534695e-01, 3.639057006753172e-02, 7.317481121328904e-04, 0.000000000000000e+00, 0.000000000000000e+00, 5.296133647063454e+03, 2.118453458825381e+03, 1.686615312734794e+03, 0.000000000000000e+00, 1.695634198423264e-02, 0.000000000000000e+00, 0.000000000000000e+00, 8.338293528390968e-07, 5.719290567485101e-03, -1.114495629682178e-03, -0.000000000000000e+00, 0.000000000000000e+00
140, 4.686435565789623e-01, 3.662842582875801e-02, 7.319684651733308e-04, 0.000000000000000e+00, 0.000000000000000e+00, 5.297770533753152e+03, 2.119108213501260e+03, 1.686628699834169e+03, 0.000000000000000e+00, 2.186748769008745e-02, 0.000000000000000e+00, 0.000000000000000e+00, 8.338333595798977e-07, 5.672876727029912e-03, -1.079716532868532e-03, -0.000000000000000e+00, 0.000000000000000e+00
141, 4.673985951165580e-01, 3.686257619619173e-02, 7.321814061776732e-04, 0.000000000000000e+00, 0.000000000000000e+00, 5.299358263630092e+03, 2.119743305452037e+03, 1.686643507836533e+03, 0.000000000000000e+00, 2.663114837366996e-02, 0.000000000000000e+00, 0.000000000000000e+00, 8.338377915746611e-07, 5.635144337931541e-03, -1.047207273981038e-03, -0.000000000000000e+00, 0.000000000000000e+00
142, 4.661448930157845e-01, 3.709276507220526e-02, 7.323844732774168e-04, 0.000000000000000e+00, 0.000000000000000e+00, 5.300867344088369e+03, 2.120346937635347e+03, 1.686656021460009e+03, 0.000000000000000e+00, 3.115883746729724e-02, 0.000000000000000e+00, 0.000000000000000e+00, 8.338415368513793e-07, 5.606621914234032e-03, -1.017029398506253e-03, -0.000000000000000e+00, 0.000000000000000e+00
143, 4.648836965497194e-01, 3.731877349571760e-02, 7.325815550296967e-04, 0.000000000000000e+00, 0.000000000000000e+00, 5.302333261135676e+03, 2.120933304454270e+03, 1.686668578336089e+03, 0.000000000000000e+00, 3.555702352216231e-02, 0.000000000000000e+00, 0.000000000000000e+00, 8.338452950580549e-07, 5.588710587406834e-03, -9.893928389929532e-04, -0.000000000000000e+00, 0.000000000000000e+00
144, 4.636162549605271e-01, 3.754042045624217e-02, 7.327740809113750e-04, 0.000000000000000e+00, 0.000000000000000e+00, 5.303764110068305e+03, 2.121505644027322e+03, 1.686680462834868e+03, 0.000000000000000e+00, 3.984999482887033e-02, 0.000000000000000e+00, 0.000000000000000e+00, 8.338488520115727e-07, 5.581227247320610e-03, -9.642143713939086e-04, -0.000000000000000e+00, 0.000000000000000e+00
145, 4.623438191075093e-01, 3.775756342897716e-02, 7.329654136268648e-04, 0.000000000000000e+00, 0.000000000000000e+00, 5.305187370754359e+03, 2.122074948301743e+03, 1.686692674239967e+03, 0.000000000000000e+00, 4.412019914454788e-02, 0.000000000000000e+00, 0.000000000000000e+00, 8.338525067916673e-07, 5.582933799755784e-03, -9.412425622871094e-04, -0.000000000000000e+00, 0.000000000000000e+00
146, 4.610676401255391e-01, 3.797009862252671e-02, 7.331564639795896e-04, 0.000000000000000e+00, 0.000000000000000e+00, 5.306604506840658e+03, 2.122641802736263e+03, 1.686703582173897e+03, 0.000000000000000e+00, 4.837202784389764e-02, 0.000000000000000e+00, 0.000000000000000e+00, 8.338557714405027e-07, 5.593150438885724e-03, -9.203458381062005e-04, -0.000000000000000e+00, 0.000000000000000e+00
147, 4.597889681023740e-01, 3.817796093397010e-02, 7.333513845240523e-04, 0.000000000000000e+00, 0.000000000000000e+00, 5.308047561486481e+03, 2.123219024594592e+03, 1.686713818971402e+03, 0.000000000000000e+00, 5.270161991141523e-02, 0.000000000000000e+00, 0.000000000000000e+00, 8.338588352135312e-07, 5.611506417782808e-03, -9.014613300495508e-04, -0.000000000000000e+00, 0.000000000000000e+00
148, 4.585090507837551e-01, 3.838112360929069e-02, 7.335536713473597e-04, 0.000000000000000e+00, 0.000000000000000e+00, 5.309539785013736e+03, 2.123815914005494e+03, 1.686722732260382e+03, 0.000000000000000e+00, 5.717873321081479e-02, 0.000000000000000e+00, 0.000000000000000e+00, 8.338615028651125e-07, 5.635495980427634e-03, -8.842058885703543e-04, -0.000000000000000e+00, 0.000000000000000e+00
149, 4.572291323153641e-01, 3.857959761058354e-02, 7.337655180228692e-04, 0.000000000000000e+00, 0.000000000000000e+00, 5.311091407002309e+03, 2.124436562800923e+03, 1.686728529201441e+03, 0.000000000000000e+00, 6.183405951669004e-02, 0.000000000000000e+00, 0.000000000000000e+00, 8.338632378230957e-07, 5.663173163801347e-03, -8.683280082974825e-04, -0.000000000000000e+00, 0.000000000000000e+00
150, 4.559504520306146e-01, 3.877343069492739e-02, 7.339965094063303e-04, 0.000000000000000e+00, 0.000000000000000e+00, 5.312779152752444e+03, 2.125111661100977e+03, 1.686733545389983e+03, 0.000000000000000e+00, 6.689779749288538e-02, 0.000000000000000e+00, 0.000000000000000e+00, 8.338647391081550e-07, 5.687411029070114e-03, -8.528339482125932e-04, -0.000000000000000e+00, 0.000000000000000e+00
151, 4.546742432928987e-01, 3.896270621327413e-02, 7.342428006046626e-04, 0.000000000000000e+00, 0.000000000000000e+00, 5.314553747346661e+03, 2.125821498938664e+03, 1.686730974989409e+03, 0.000000000000000e+00, 7.222210776791294e-02, 0.000000000000000e+00, 0.000000000000000e+00, 8.338639698184032e-07, 5.698860807606136e-03, -8.365008781554337e-04, -0.000000000000000e+00, 0.000000000000000e+00
152, 4.534017324002838e-01, 3.914754164111829e-02, 7.345187771949997e-04, 0.000000000000000e+00, 0.000000000000000e+00, 5.316539953882041e+03, 2.126615981552816e+03, 1.686727373687912e+03, 0.000000000000000e+00, 7.818131664813813e-02, 0.000000000000000e+00, 0.000000000000000e+00, 8.338628919914090e-07, 5.681442758616666e-03, -8.172451956251247e-04, -0.000000000000000e+00, 0.000000000000000e+00
153, 4.521341375597783e-01, 3.932808685600333e-02, 7.348112076372841e-04, 0.000000000000000e+00, 0.000000000000000e+00, 5.318617140214064e+03, 2.127446856085625e+03, 1.686714858861955e+03, 0.000000000000000e+00, 8.441349191046718e-02, 0.000000000000000e+00, 0.000000000000000e+00, 8.338591464419951e-07, 5.604526729916987e-03, -7.910857954107405e-04, -0.000000000000000e+00, 0.000000000000000e+00
154, 4.508726679371678e-01, 3.950452218004040e-02, 7.351145791332048e-04, 0.000000000000000e+00, 0.000000000000000e+00, 5.320773366177540e+03, 2.128309346471015e+03, 1.686702305831965e+03, 0.000000000000000e+00, 9.088280951688787e-02, 0.000000000000000e+00, 0.000000000000000e+00, 8.338553894431711e-07, 5.390308426107411e-03, -7.469709606854351e-04, -0.000000000000000e+00, 0.000000000000000e+00
155, 4.496248664038043e-01, 3.967581328236511e-02, 7.353650448623789e-04, 0.000000000000000e+00, 0.000000000000000e+00, 5.322506808261500e+03, 2.129002723304599e+03, 1.686677133686013e+03, 0.000000000000000e+00, 9.608365005188924e-02, 0.000000000000000e+00, 0.000000000000000e+00, 8.338478556202712e-07, 4.683706994003875e-03, -6.229979645317919e-04, -0.000000000000000e+00, 0.000000000000000e+00
156, 4.484194870820156e-01, 3.983082924436888e-02, 7.355000294549138e-04, 0.000000000000000e+00, 0.000000000000000e+00, 5.323418818284972e+03, 2.129367527313988e+03, 1.686656540398230e+03, 0.000000000000000e+00, 9.881995070034710e-02, 0.000000000000000e+00, 0.000000000000000e+00, 8.338416921671526e-07, 4.275442307962063e-03, -5.281027697957504e-04, -0.000000000000000e+00, 0.000000000000000e+00
157, 4.472223178160543e-01, 3.997257616030099e-02, 7.355433879661647e-04, 0.000000000000000e+00, 0.000000000000000e+00, 5.323651617799020e+03, 2.129460647119607e+03, 1.686630871230502e+03, 0.000000000000000e+00, 9.951841831018912e-02, 0.000000000000000e+00, 0.000000000000000e+00, 8.338340094742439e-07, 4.011473197312126e-03, -4.554744877936000e-04, -0.000000000000000e+00, 0.000000000000000e+00
158, 4.460342966530876e-01, 4.010165079432567e-02, 7.355093225431068e-04, 0.000000000000000e+00, 0.000000000000000e+00, 5.323330715756704e+03, 2.129332286302681e+03, 1.686607315861972e+03, 0.000000000000000e+00, 9.855561697700321e-02, 0.000000000000000e+00, 0.000000000000000e+00, 8.338269593774879e-07, 3.773898148531931e-03, -3.925773307022825e-04, -0.000000000000000e+00, 0.000000000000000e+00
159, 4.448563510813668e-01, 4.021869433007599e-02, 7.354046954199035e-04, 0.000000000000000e+00, 0.000000000000000e+00, 5.322494008349782e+03, 2.128997603339913e+03, 1.686582137692895e+03, 0.000000000000000e+00, 9.604524651921922e-02, 0.000000000000000e+00, 0.000000000000000e+00, 8.338194235183362e-07, 3.563998850863876e-03, -3.385372224401836e-04, -0.000000000000000e+00, 0.000000000000000e+00
160, 4.436894001614997e-01, 4.032438788779570e-02, 7.352424700127772e-04, 0.000000000000000e+00, 0.000000000000000e+00, 5.321236774132118e+03, 2.128494709652847e+03, 1.686555790662016e+03, 0.000000000000000e+00, 9.227317086597103e-02, 0.000000000000000e+00, 0.000000000000000e+00, 8.338115377510155e-07, 3.391328254880552e-03, -2.932056765148589e-04, -0.000000000000000e+00, 0.000000000000000e+00
161, 4.425343567292893e-01, 4.041944809783198e-02, 7.350291347432261e-04, 0.000000000000000e+00, 0.000000000000000e+00, 5.319597556041814e+03, 2.127839022416725e+03, 1.686525599739749e+03, 0.000000000000000e+00, 8.735503026660826e-02, 0.000000000000000e+00, 0.000000000000000e+00, 8.338025014089142e-07, 3.252107146125710e-03, -2.551476238925907e-04, -0.000000000000000e+00, 0.000000000000000e+00
162, 4.413921296137815e-01, 4.050462276178717e-02, 7.347688955228284e-04, 0.000000000000000e+00, 0.000000000000000e+00, 5.317597517642196e+03, 2.127039007056878e+03, 1.686488613657452e+03, 0.000000000000000e+00, 8.135432168999365e-02, 0.000000000000000e+00, 0.000000000000000e+00, 8.337914311092738e-07, 3.145135699818217e-03, -2.233276740464227e-04, -0.000000000000000e+00, 0.000000000000000e+00
163, 4.402636258142789e-01, 4.058068662679716e-02, 7.344663420146469e-04, 0.000000000000000e+00, 0.000000000000000e+00, 5.315270699109638e+03, 2.126108279643855e+03, 1.686445079921226e+03, 0.000000000000000e+00, 7.437317576438081e-02, 0.000000000000000e+00, 0.000000000000000e+00, 8.337784008609694e-07, 3.070027995732260e-03, -1.968958073280612e-04, -0.000000000000000e+00, 0.000000000000000e+00
164, 4.391497525816364e-01, 4.064843729269433e-02, 7.341251486901350e-04, 0.000000000000000e+00, 0.000000000000000e+00, 5.312647606806299e+03, 2.125059042722519e+03, 1.686396225747635e+03, 0.000000000000000e+00, 6.650312062697838e-02, 0.000000000000000e+00, 0.000000000000000e+00, 8.337637779118676e-07, 3.023895389505674e-03, -1.749712995589728e-04, -0.000000000000000e+00, 0.000000000000000e+00
165, 4.380514193520362e-01, 4.070869126642018e-02, 7.337438554889488e-04, 0.000000000000000e+00, 0.000000000000000e+00, 5.309713711036457e+03, 2.123885484414582e+03, 1.686340777045591e+03, 0.000000000000000e+00, 5.770056287990229e-02, 0.000000000000000e+00, 0.000000000000000e+00, 8.337471808171248e-07, 3.005773911881037e-03, -1.569506947098132e-04, -0.000000000000000e+00, 0.000000000000000e+00
166, 4.369695394854498e-01, 4.076228017312832e-02, 7.333299199854410e-04, 0.000000000000000e+00, 0.000000000000000e+00, 5.306523738179611e+03, 2.122609495271844e+03, 1.686278956535257e+03, 0.000000000000000e+00, 4.812969789805239e-02, 0.000000000000000e+00, 0.000000000000000e+00, 8.337286761368771e-07, 3.014689347306845e-03, -1.423584637788563e-04, -0.000000000000000e+00, 0.000000000000000e+00
167, 4.359050317659903e-01, 4.081004712907199e-02, 7.328807087780705e-04, 0.000000000000000e+00, 0.000000000000000e+00, 5.303049330062048e+03, 2.121219732024819e+03, 1.686207787052301e+03, 0.000000000000000e+00, 3.770544274688933e-02, 0.000000000000000e+00, 0.000000000000000e+00, 8.337073725743619e-07, 3.047691825368147e-03, -1.307651954988138e-04, -0.000000000000000e+00, 0.000000000000000e+00
168, 4.348588216270915e-01, 4.085284327766982e-02, 7.323966839211042e-04, 0.000000000000000e+00, 0.000000000000000e+00, 5.299297144750272e+03, 2.119718857900108e+03, 1.686128295828112e+03, 0.000000000000000e+00, 2.644777360126244e-02, 0.000000000000000e+00, 0.000000000000000e+00, 8.336835774330974e-07, 3.107454043221314e-03, -1.221244473070531e-04, -0.000000000000000e+00, 0.000000000000000e+00
169, 4.338318420707384e-01, 4.089152448711938e-02, 7.318744967934999e-04, 0.000000000000000e+00, 0.000000000000000e+00, 5.295251854545848e+03, 2.118100741818339e+03, 1.686043288882821e+03, 0.000000000000000e+00, 1.431070281839993e-02, 0.000000000000000e+00, 0.000000000000000e+00, 8.336581305162088e-07, 3.198208650382723e-03, -1.165328415814849e-04, -0.000000000000000e+00, 0.000000000000000e+00
170, 4.328250342566113e-01, 4.092694820557257e-02, 7.313155956954403e-04, 0.000000000000000e+00, 0.000000000000000e+00, 5.290937438471226e+03, 2.116374975388489e+03, 1.685957043140828e+03, 0.000000000000000e+00, 1.366174579820566e-03, 0.000000000000000e+00, 0.000000000000000e+00, 8.336323120426365e-07, 3.322871157290265e-03, -1.141469630191940e-04, -0.000000000000000e+00, 0.000000000000000e+00
171, 4.318393477437991e-01, 4.095997046816625e-02, 7.307191919582773e-04, 0.000000000000000e+00, 0.000000000000000e+00, 5.286345255446941e+03, 2.114538102178776e+03, 1.685868606599577e+03, 0.000000000000000e+00, -1.241173691652804e-02, 0.000000000000000e+00, 0.000000000000000e+00, 8.336058369778922e-07, 3.466063788752978e-03, -1.146790864189540e-04, -0.000000000000000e+00, 0.000000000000000e+00
172, 4.308757403745231e-01, 4.099144304905621e-02, 7.300728792898841e-04, 0.000000000000000e+00, 0.000000000000000e+00, 5.281387741024068e+03, 2.112555096409627e+03, 1.685778657160891e+03, 0.000000000000000e+00, -2.728575099632318e-02, 0.000000000000000e+00, 0.000000000000000e+00, 8.335789082160921e-07, 3.504845353470720e-03, -1.145604499181411e-04, -0.000000000000000e+00, 0.000000000000000e+00
173, 4.299351777959462e-01, 4.102221075095950e-02, 7.293594523198635e-04, 0.000000000000000e+00, 0.000000000000000e+00, 5.275924295021543e+03, 2.110369718008616e+03, 1.685682014789317e+03, 0.000000000000000e+00, -4.367770991647409e-02, 0.000000000000000e+00, 0.000000000000000e+00, 8.335499748652101e-07, 3.397261909595845e-03, -1.128070192794509e-04, -0.000000000000000e+00, 0.000000000000000e+00
174, 4.290186326224996e-01, 4.105310882448401e-02, 7.286669811743348e-04, 0.000000000000000e+00, 0.000000000000000e+00, 5.270569174496842e+03, 2.108227669798736e+03, 1.685571350594149e+03, 0.000000000000000e+00, -5.974466026479989e-02, 0.000000000000000e+00, 0.000000000000000e+00, 8.335168424586354e-07, 3.599933870191220e-03, -1.249353811358194e-04, -0.000000000000000e+00, 0.000000000000000e+00
175, 4.281270832471402e-01, 4.108496050963011e-02, 7.279491889316625e-04, 0.000000000000000e+00, 0.000000000000000e+00, 5.264976902905001e+03, 2.105990761162000e+03, 1.685443185537095e+03, 0.000000000000000e+00, -7.652313417328034e-02, 0.000000000000000e+00, 0.000000000000000e+00, 8.334784688695674e-07, 3.882168199452354e-03, -1.446397886288804e-04, -0.000000000000000e+00, 0.000000000000000e+00
176, 4.272615123154981e-01, 4.111857469220094e-02, 7.272031834752163e-04, 0.000000000000000e+00, 0.000000000000000e+00, 5.259140806521629e+03, 2.103656322608651e+03, 1.685302018295612e+03, 0.000000000000000e+00, -9.403315479507100e-02, 0.000000000000000e+00, 0.000000000000000e+00, 8.334362004693458e-07, 4.217341543435686e-03, -1.726928474229275e-04, -0.000000000000000e+00, 0.000000000000000e+00
177, 4.264229048819034e-01, 4.115474366837554e-02, 7.264195401976701e-04, 0.000000000000000e+00, 0.000000000000000e+00, 5.253019911641356e+03, 2.101207964656542e+03, 1.685156511295720e+03, 0.000000000000000e+00, -1.123976554024917e-01, 0.000000000000000e+00, 0.000000000000000e+00, 8.333926306160571e-07, 4.603551586349295e-03, -2.112053446503443e-04, -0.000000000000000e+00, 0.000000000000000e+00
178, 4.256122462707938e-01, 4.119424101131525e-02, 7.255857858585529e-04, 0.000000000000000e+00, 0.000000000000000e+00, 5.246553753367538e+03, 2.098621501347015e+03, 1.685016174788664e+03, 0.000000000000000e+00, -1.317980486243931e-01, 0.000000000000000e+00, 0.000000000000000e+00, 8.333506070265662e-07, 5.053934295040102e-03, -2.636673369747766e-04, -0.000000000000000e+00, 0.000000000000000e+00
179, 4.248305196709459e-01, 4.123781953432481e-02, 7.247157266071335e-04, 0.000000000000000e+00, 0.000000000000000e+00, 5.239863243228363e+03, 2.095945297291345e+03, 1.684887779120831e+03, 0.000000000000000e+00, -1.518715640037865e-01, 0.000000000000000e+00, 0.000000000000000e+00, 8.333121574189089e-07, 5.580915636902450e-03, -3.346939669338551e-04, -0.000000000000000e+00, 0.000000000000000e+00
180, 4.240787034933609e-01, 4.128620934573118e-02, 7.238003362601469e-04, 0.000000000000000e+00, 0.000000000000000e+00, 5.232813145148907e+03, 2.093125258059562e+03, 1.684748817638666e+03, 0.000000000000000e+00, -1.730239498877238e-01, 0.000000000000000e+00, 0.000000000000000e+00, 8.332705419355591e-07, 6.200729293504762e-03, -4.306991302423157e-04, -0.000000000000000e+00, 0.000000000000000e+00
181, 4.233577685264444e-01, 4.134011599123750e-02, 7.228672503665334e-04, 0.000000000000000e+00, 0.000000000000000e+00, 5.225615097926145e+03, 2.090246039170458e+03, 1.684603047920742e+03, 0.000000000000000e+00, -1.946202270956006e-01, 0.000000000000000e+00, 0.000000000000000e+00, 8.332268855258675e-07, 6.939312639017486e-03, -5.610853793204371e-04, -0.000000000000000e+00, 0.000000000000000e+00
182, 4.226686749243869e-01, 4.140021868003139e-02, 7.219141232472829e-04, 0.000000000000000e+00, 0.000000000000000e+00, 5.218263647644147e+03, 2.087305459057658e+03, 1.684454145525461e+03, 0.000000000000000e+00, -2.166767589932936e-01, 0.000000000000000e+00, 0.000000000000000e+00, 8.331822887675583e-07, 7.812181186789016e-03, -7.377421813139907e-04, -0.000000000000000e+00, 0.000000000000000e+00
183, 4.220123690663486e-01, 4.146716859136258e-02, 7.209605878769394e-04, 0.000000000000000e+00, 0.000000000000000e+00, 5.210974622689223e+03, 2.084389849075689e+03, 1.684325980710370e+03, 0.000000000000000e+00, -2.385459963892212e-01, 0.000000000000000e+00, 0.000000000000000e+00, 8.331439012454162e-07, 8.843393563925325e-03, -9.775457485737761e-04, -0.000000000000000e+00, 0.000000000000000e+00
184, 4.213897803252315e-01, 4.154158725864788e-02, 7.199721336628324e-04, 0.000000000000000e+00, 0.000000000000000e+00, 5.203499420083555e+03, 2.081399768033421e+03, 1.684218900261209e+03, 0.000000000000000e+00, -2.609738219731594e-01, 0.000000000000000e+00, 0.000000000000000e+00, 8.331118276135477e-07, 1.009378295233507e-02, -1.308229239513498e-03, -0.000000000000000e+00, 0.000000000000000e+00
185, 4.208018177854640e-01, 4.162406502841320e-02, 7.190146467448906e-04, 0.000000000000000e+00, 0.000000000000000e+00, 5.196375902934297e+03, 2.078550361173719e+03, 1.684152974025409e+03, 0.000000000000000e+00, -2.823464868487022e-01, 0.000000000000000e+00, 0.000000000000000e+00, 8.330920802777400e-07, 1.162926755706942e-02, -1.769988972909420e-03, -0.000000000000000e+00, 0.000000000000000e+00
186, 4.202493669493753e-01, 4.171515959155004e-02, 7.181260062594712e-04, 0.000000000000000e+00, 0.000000000000000e+00, 5.189892526400412e+03, 2.075957010560164e+03, 1.684133146521110e+03, 0.000000000000000e+00, -3.017985399591728e-01, 0.000000000000000e+00, 0.000000000000000e+00, 8.330861411267038e-07, 1.346021904879197e-02, -2.410165898698983e-03, -0.000000000000000e+00, 0.000000000000000e+00
187, 4.197332864713827e-01, 4.181539458445947e-02, 7.173747988181713e-04, 0.000000000000000e+00, 0.000000000000000e+00, 5.184708582557269e+03, 2.073883433022907e+03, 1.684212741991979e+03, 0.000000000000000e+00, -3.173519094775802e-01, 0.000000000000000e+00, 0.000000000000000e+00, 8.331099830031061e-07, 1.561904528521795e-02, -3.298156724219091e-03, -0.000000000000000e+00, 0.000000000000000e+00
188, 4.192544049584068e-01, 4.192525825769326e-02, 7.167847414033463e-04, 0.000000000000000e+00, 0.000000000000000e+00, 5.180753970207854e+03, 2.072301588083141e+03, 1.684313503490843e+03, 0.000000000000000e+00, -3.292169197928219e-01, 0.000000000000000e+00, 0.000000000000000e+00, 8.331401640220144e-07, 1.830155537053730e-02, -4.572712080209320e-03, -0.000000000000000e+00, 0.000000000000000e+00
189, 4.188135178736483e-01, 4.204520220969706e-02, 7.165195178693835e-04, 0.000000000000000e+00, 0.000000000000000e+00, 5.179826989933393e+03, 2.071930795973356e+03, 1.684635479290865e+03, 0.000000000000000e+00, -3.319981356356702e-01, 0.000000000000000e+00, 0.000000000000000e+00, 8.332365985404267e-07, 2.149105945767592e-02, -6.382968883426180e-03, -0.000000000000000e+00, 0.000000000000000e+00
190, 4.184113845791617e-01, 4.217564018322898e-02, 7.166282857173826e-04, 0.000000000000000e+00, 0.000000000000000e+00, 5.181621562848474e+03, 2.072648625139389e+03, 1.684963350488292e+03, 0.000000000000000e+00, -3.266138844708110e-01, 0.000000000000000e+00, 0.000000000000000e+00, 8.333347883576723e-07, 2.521898422926140e-02, -8.960766742114563e-03, -0.000000000000000e+00, 0.000000000000000e+00
191, 4.180487255505290e-01, 4.231694692198729e-02, 7.175161927779017e-04, 0.000000000000000e+00, 0.000000000000000e+00, 5.189498376416826e+03, 2.075799350566730e+03, 1.685436471632791e+03, 0.000000000000000e+00, -3.029811068476027e-01, 0.000000000000000e+00, 0.000000000000000e+00, 8.334764586314876e-07, 2.954328536203693e-02, -1.266894733208898e-02, -0.000000000000000e+00, 0.000000000000000e+00
192, 4.177262197944260e-01, 4.246945708494609e-02, 7.194454377654768e-04, 0.000000000000000e+00, 0.000000000000000e+00, 5.205312063685485e+03, 2.082124825474193e+03, 1.686039021906332e+03, 0.000000000000000e+00, -2.555353533864907e-01, 0.000000000000000e+00, 0.000000000000000e+00, 8.336568531737781e-07, 3.375042809118425e-02, -1.767988510959740e-02, -0.000000000000000e+00, 0.000000000000000e+00
193, 4.174445024969817e-01, 4.263346421588424e-02, 7.224610039755539e-04, 0.000000000000000e+00, 0.000000000000000e+00, 5.228974556745120e+03, 2.091589822698048e+03, 1.686633927079904e+03, 0.000000000000000e+00, -1.845408539437267e-01, 0.000000000000000e+00, 0.000000000000000e+00, 8.338349240827501e-07, 3.747218562399435e-02, -2.438747777698028e-02, -0.000000000000000e+00, 0.000000000000000e+00
194, 4.172041629276013e-01, 4.280921976561178e-02, 7.276932615030757e-04, 0.000000000000000e+00, 0.000000000000000e+00, 5.269421960391520e+03, 2.107768784156607e+03, 1.687459418708718e+03, 0.000000000000000e+00, -6.318664293990586e-02, 0.000000000000000e+00, 0.000000000000000e+00, 8.340819583872828e-07, 4.027310079694054e-02, -3.336216932458361e-02, -0.000000000000000e+00, 0.000000000000000e+00
195, 4.170057426193772e-01, 4.299693216446060e-02, 7.362744254794935e-04, 0.000000000000000e+00, 0.000000000000000e+00, 5.335649899172416e+03, 2.134259959668966e+03, 1.688753739145170e+03, 0.000000000000000e+00, 1.355168221187393e-01, 0.000000000000000e+00, 0.000000000000000e+00, 8.344691592274371e-07, 3.966267601720868e-02, -4.336867133335439e-02, -0.000000000000000e+00, 0.000000000000000e+00
196, 4.168497338433824e-01, 4.319676594272315e-02, 7.487027090421638e-04, 0.000000000000000e+00, 0.000000000000000e+00, 5.432605388725639e+03, 2.173042155490255e+03, 1.690898228835601e+03, 0.000000000000000e+00, 4.264120558420580e-01, 0.000000000000000e+00, 0.000000000000000e+00, 8.351103321043268e-07, 3.272201761554837e-02, -5.007531956696578e-02, -0.000000000000000e+00, 0.000000000000000e+00
197, 4.167365783900638e-01, 4.340884089689942e-02, 7.601900129933746e-04, 0.000000000000000e+00, 0.000000000000000e+00, 5.522087278310852e+03, 2.208834911324340e+03, 1.692777276263598e+03, 0.000000000000000e+00, 6.948842723698845e-01, 0.000000000000000e+00, 0.000000000000000e+00, 8.356717736421856e-07, 1.985756293569036e-02, -4.734403214192601e-02, -0.000000000000000e+00, 0.000000000000000e+00
199, 1.416666666666667e+00, 0.000000000000000e+00, 7.417191747845561e-04, 4.142244350904841e-01, -1.037251458267150e-01, 5.413476863898310e+03, 2.116223676754403e+03, 1.662190458379028e+03, 2.880562871688075e-01, 2.313226047709913e-04, 5.584653183744401e+02, -1.398442285880550e+02, 8.264896582779500e-07, 0.000000000000000e+00, 0.000000000000000e+00, 0.000000000000000e+00, 0.000000000000000e+00
200, 1.416666666666667e+00, 8.726646259971650e-02, 7.417191747845561e-04, 4.142244350904841e-01, -1.037251458267150e-01, 5.413476863898310e+03, 2.116223676754403e+03, 1.662190458379028e+03, 2.880562871688075e-01, 2.313226047709913e-04, 5.584653183744401e+02, -1.398442285880550e+02, 8.264896582779500e-07, 0.000000000000000e+00, 0.000000000000000e+00, 0.000000000000000e+00, 0.000000000000000e+00
202, 1.416666666666667e+00, 3.966657390888056e-03, 7.420549474702166e-04, 4.176830544768096e-01, -1.045872815910303e-01, 5.415580288359615e+03, 2.116263407743491e+03, 1.661469525908268e+03, 2.903923568226877e-01, 5.293344917201365e-04, 5.628734851789044e+02, -1.409427724288949e+02, 8.262721183711428e-07, 0.000000000000000e+00, 0.000000000000000e+00, 0.000000000000000e+00, 0.000000000000000e+00
203, 1.416666666666667e+00, 7.933314781776833e-03, 7.423037762219801e-04, 4.207190339964650e-01, -1.053735339478332e-01, 5.417351109662204e+03, 2.116258204800717e+03, 1.660908498800553e+03, 2.924587055499482e-01, 4.903085618487475e-04, 5.667747456947495e+02, -1.419547324467902e+02, 8.261027936326710e-07, 0.000000000000000e+00, 0.000000000000000e+00, 0.000000000000000e+00, 0.000000000000000e+00
204, 1.416666666666667e+00, 1.189997217266502e-02, 7.424625212205333e-04, 4.231563689573079e-01, -1.059930629394638e-01, 5.418564221869948e+03, 2.116164962033425e+03, 1.660480217677038e+03, 2.941295131231663e-01, -2.090813517442415e-04, 5.699363359940131e+02, -1.427588058791465e+02, 8.259735120411445e-07, 0.000000000000000e+00, 0.000000000000000e+00, 0.000000000000000e+00, 0.000000000000000e+00
205, 1.416666666666667e+00, 1.586662956355002e-02, 7.425572060268723e-04, 4.246949133246659e-01, -1.063277197736337e-01, 5.419464917252768e+03, 2.116161296952333e+03, 1.660265611361212e+03, 2.951720590151153e-01, -2.365721783547997e-04, 5.719356163776782e+02, -1.431912839989136e+02, 8.259087237495852e-07, 0.000000000000000e+00, 0.000000000000000e+00, 0.000000000000000e+00, 0.000000000000000e+00
206, 1.416666666666667e+00, 1.983328695443504e-02, 7.426147361505752e-04, 4.255364314305319e-01, -1.064876383936540e-01, 5.420044921288732e+03, 2.116195438679167e+03, 1.660163775441751e+03, 2.957347797146886e-01, 1.951609609556378e-05, 5.730244913214982e+02, -1.433955363525970e+02, 8.258779785159596e-07, 0.000000000000000e+00, 0.000000000000000e+00, 0.000000000000000e+00, 0.000000000000000e+00
207, 1.416666666666667e+00, 2.379994434532150e-02, 7.426366485761332e-04, 4.258580920142709e-01, -1.065345205391753e-01, 5.420251384590525e+03, 2.116203110053972e+03, 1.660120808274371e+03, 2.959479211956116e-01, 7.705709704861435e-05, 5.734407167095432e+02, -1.434544346059884e+02, 8.258650060076688e-07, 0.000000000000000e+00, 0.000000000000000e+00, 0.000000000000000e+00, 0.000000000000000e+00
208, 1.416666666666667e+00, 2.776660173620668e-02, 7.426306047023378e-04, 4.258723550702732e-01, -1.065151324108570e-01, 5.420251508992398e+03, 2.116200578193927e+03, 1.660132332898953e+03, 2.959554590617435e-01, 5.806626880952003e-05, 5.734645897619206e+02, -1.434294947399193e+02, 8.258684855032074e-07, 0.000000000000000e+00, 0.000000000000000e+00, 0.000000000000000e+00, 0.000000000000000e+00
209, 1.416666666666667e+00, 3.173325912709144e-02, 7.425983607105565e-04, 4.255450263485777e-01, -1.064113762949734e-01, 5.420036039314706e+03, 2.116193145807943e+03, 1.660198585809083e+03, 2.957313449257035e-01, 2.317861273213811e-06, 5.730487015099174e+02, -1.432960021527027e+02, 8.258884882140404e-07, 0.000000000000000e+00, 0.000000000000000e+00, 0.000000000000000e+00, 0.000000000000000e+00
210, 1.416666666666667e+00, 3.569991651797645e-02, 7.425182529468993e-04, 4.244152682111749e-01, -1.060808586256194e-01, 5.419324468548248e+03, 2.116180490766197e+03, 1.660367769755366e+03, 2.949551634162919e-01, -9.260433816900750e-05, 5.715890034039699e+02, -1.428663311704551e+02, 8.259395652984942e-07, 0.000000000000000e+00, 0.000000000000000e+00, 0.000000000000000e+00, 0.000000000000000e+00
211, 1.416666666666667e+00, 3.966657390885982e-02, 7.423305391441057e-04, 4.223372448151193e-01, -1.054930629790174e-01, 5.417802453385810e+03, 2.116066222132587e+03, 1.660697949953508e+03, 2.935448551856770e-01, -9.497038441981770e-04, 5.689342180399407e+02, -1.421106332236433e+02, 8.260392393306181e-07, 0.000000000000000e+00, 0.000000000000000e+00, 0.000000000000000e+00, 0.000000000000000e+00
212, 1.416666666666667e+00, 4.363323129974287e-02, 7.421404762359761e-04, 4.200439219478259e-01, -1.048889792864028e-01, 5.416504001197090e+03, 2.116088631480913e+03, 1.661140847794676e+03, 2.919816142086240e-01, -7.816171105597407e-04, 5.659897760572566e+02, -1.413330530338189e+02, 8.261729231761442e-07, 0.000000000000000e+00, 0.000000000000000e+00, 0.000000000000000e+00, 0.000000000000000e+00
213, 1.416666666666667e+00, 4.759988869064907e-02, 7.418745098544594e-04, 4.167839649042537e-01, -1.041987186553727e-01, 5.414766473118078e+03, 2.116149859795254e+03, 1.661784458357275e+03, 2.897835226067308e-01, -3.223593394740061e-04, 5.617984704529316e+02, -1.404532940157418e+02, 8.263671549865482e-07, 0.000000000000000e+00, 0.000000000000000e+00, 0.000000000000000e+00, 0.000000000000000e+00
214, 1.416666666666667e+00, 5.156654608155527e-02, 7.415363314486680e-04, 4.135730820319580e-01, -1.034223332353622e-01, 5.412766722725752e+03, 2.116089839750440e+03, 1.662495162425472e+03, 2.876249986656958e-01, -7.725541929235862e-04, 5.577246380147013e+02, -1.394703520909299e+02, 8.265815864909727e-07, 0.000000000000000e+00, 0.000000000000000e+00, 0.000000000000000e+00, 0.000000000000000e+00
215, 1.416666666666667e+00, 5.553320347246048e-02, 7.412303339485017e-04, 4.104552454385074e-01, -1.026668809143168e-01, 5.411374705261181e+03, 2.116248028079945e+03, 1.663305811102278e+03, 2.855088676906444e-01, 4.139756079034801e-04, 5.537485807576576e+02, -1.385087417664287e+02, 8.268261113962899e-07, 0.000000000000000e+00, 0.000000000000000e+00, 0.000000000000000e+00, 0.000000000000000e+00
216, 1.416666666666667e+00, 5.949986086336816e-02, 7.409390357136291e-04, 4.082939140082859e-01, -1.020994780541785e-01, 5.409883618479018e+03, 2.116141626149245e+03, 1.663876073890309e+03, 2.840640422463317e-01, -3.841177915065369e-04, 5.510492690063779e+02, -1.377974072534082e+02, 8.269980867540886e-07, 0.000000000000000e+00, 0.000000000000000e+00, 0.000000000000000e+00, 0.000000000000000e+00
217, 1.416666666666667e+00, 6.346651825427584e-02, 7.408412851702351e-04, 4.072650265682366e-01, -1.018694797374282e-01, 5.409588410133731e+03, 2.116256430131875e+03, 1.664185894339639e+03, 2.833636854628521e-01, 4.769972292527125e-04, 5.497331678466768e+02, -1.375051333890227e+02, 8.270915063633927e-07, 0.000000000000000e+00, 0.000000000000000e+00, 0.000000000000000e+00, 0.000000000000000e+00
218, 1.416666666666667e+00, 6.743317564517989e-02, 7.408096379854780e-04, 4.070095120820620e-01, -1.018490911139423e-01, 5.409414529855656e+03, 2.116242137502847e+03, 1.664245747959191e+03, 2.832000407979841e-01, 3.697919105809348e-04, 5.494117398213987e+02, -1.374834854888036e+02, 8.271095528155804e-07, 0.000000000000000e+00, 0.000000000000000e+00, 0.000000000000000e+00, 0.000000000000000e+00
219, 1.416666666666667e+00, 7.139983303608756e-02, 7.408255921053002e-04, 4.069973488080446e-01, -1.019096355257238e-01, 5.409519797179029e+03, 2.116284610382899e+03, 1.664243308051476e+03, 2.831961085688497e-01, 6.883700134491951e-04, 5.493834893735615e+02, -1.375622502944505e+02, 8.271088171665050e-07, 0.000000000000000e+00, 0.000000000000000e+00, 0.000000000000000e+00, 0.000000000000000e+00
220, 1.416666666666667e+00, 7.536649042699525e-02, 7.409102684623017e-04, 4.076149281732455e-01, -1.020895465897712e-01, 5.409880119497826e+03, 2.116288460801194e+03, 1.664056134417331e+03, 2.836135093544770e-01, 7.172510065465735e-04, 5.501542434001041e+02, -1.377893530908266e+02, 8.270523812498268e-07, 0.000000000000000e+00, 0.000000000000000e+00, 0.000000000000000e+00, 0.000000000000000e+00
221, 1.416666666666667e+00, 7.933314781790046e-02, 7.411099894613302e-04, 4.090308109659155e-01, -1.024736043183891e-01, 5.410608790390956e+03, 2.116259533635603e+03, 1.663584950019630e+03, 2.845670853231297e-01, 5.002758091008197e-04, 5.519164722947754e+02, -1.382704399826957e+02, 8.269102959654099e-07, 0.000000000000000e+00, 0.000000000000000e+00, 0.000000000000000e+00, 0.000000000000000e+00
222, 1.416666666666667e+00, 8.329980520880732e-02, 7.413609685149783e-04, 4.109736272383828e-01, -1.029413066457496e-01, 5.411666029363900e+03, 2.116242973630398e+03, 1.663008749501402e+03, 2.858683207419691e-01, 3.760634873750257e-04, 5.543502351649358e+02, -1.388545000581182e+02, 8.267365130436880e-07, 0.000000000000000e+00, 0.000000000000000e+00, 0.000000000000000e+00, 0.000000000000000e+00
